accession	score_name	removed_sample_id	removed_endpoint	n_model	n_advanced	n_non_advanced	effect_scale	estimate	conf_low	conf_high	beta	beta_se	p_value	target_vif	convergence_note
GSE130970	primary	440349.1.X_1	1	77	15	62	OR_per_1SD_score	5.04619563416609	1.8663431413125	13.6438417001759	1.61863461961518	0.507476348325183	0.00142481437666906		glm_converged
GSE130970	primary	440350.1.X_1	1	77	15	62	OR_per_1SD_score	5.28158191364948	1.98931963172123	14.0224361463992	1.66422565770345	0.498180087261948	0.000835943914303613		glm_converged
GSE130970	primary	440351.1.X_4	1	77	15	62	OR_per_1SD_score	5.01707985828237	1.87562328772313	13.4201203776578	1.61284806291228	0.501993387046036	0.00131407947105307		glm_converged
GSE130970	primary	440352.1.X_4	1	77	15	62	OR_per_1SD_score	5.28429277232541	1.9900477255052	14.0316987104225	1.66473879245395	0.498255189458777	0.000834360755648867		glm_converged
GSE130970	primary	440353.1.X_4	1	77	15	62	OR_per_1SD_score	5.51473452875409	2.06841738951076	14.7031721338535	1.70742351532822	0.500326401324212	0.000643417660536322		glm_converged
GSE130970	primary	440354.1.X_4	1	77	15	62	OR_per_1SD_score	5.12144952864043	1.94071708041515	13.5152338994205	1.63343751004563	0.495091824584906	0.000969394824788657		glm_converged
GSE130970	primary	440355.1.X_4	1	77	15	62	OR_per_1SD_score	5.19824986944492	1.96571648633861	13.7465407107185	1.64832200536887	0.496155715518346	0.000893148547802614		glm_converged
GSE130970	primary	440357.1.X_5	1	77	15	62	OR_per_1SD_score	5.05487718727981	1.91314201843786	13.3559260798347	1.62035355688152	0.49571766866378	0.0010804185514361		glm_converged
GSE130970	primary	440375.1.X_8	1	77	15	62	OR_per_1SD_score	5.56187622563624	2.05749308276747	15.0350285055095	1.71593550199282	0.50737102570883	0.000719566890872606		glm_converged
GSE130970	primary	440376.1.X_1	1	77	15	62	OR_per_1SD_score	8.12573315066758	2.58404187536301	25.552039177609	2.09503595807328	0.584531207473671	0.000338203347974085		glm_converged
GSE130970	primary	440377.1.X_1	1	77	15	62	OR_per_1SD_score	5.32697422604467	2.00126022995056	14.1793925548829	1.67278338956098	0.49949300635961	0.000811147488191967		glm_converged
GSE130970	primary	440378.1.X_1	0	77	16	61	OR_per_1SD_score	5.46210224499532	2.06287374938107	14.4626208674837	1.69783374220903	0.496802912029635	0.000631945188865565		glm_converged
GSE130970	primary	440379.1.X_1	0	77	16	61	OR_per_1SD_score	5.43610440453741	2.04341158802599	14.4617125938777	1.69306270223717	0.499205073533039	0.000695067448900638		glm_converged
GSE130970	primary	440380.1.X_1	0	77	16	61	OR_per_1SD_score	5.55544968468191	2.09055230966712	14.7630944494025	1.71477937115309	0.498648508718909	0.000584182405084131		glm_converged
GSE130970	primary	440381.1.X_1	0	77	16	61	OR_per_1SD_score	5.44924402318508	2.04363184998942	14.5301417299657	1.69547688771166	0.500381808225535	0.000703102815772983		glm_converged
GSE130970	primary	440382.1.X_1	0	77	16	61	OR_per_1SD_score	5.45152246660125	2.04398461882821	14.5397851481367	1.69589492133369	0.500507027579425	0.000703134857995081		glm_converged
GSE130970	primary	440383.1.X_1	0	77	16	61	OR_per_1SD_score	5.93802024305495	2.16585254403511	16.2800023039605	1.7813757854053	0.514572304433674	0.000536461912346365		glm_converged
GSE130970	primary	440384.1.X_1	0	77	16	61	OR_per_1SD_score	5.43480648077744	2.04879242037027	14.4168443761435	1.69282391382655	0.49774150891641	0.000671373399234636		glm_converged
GSE130970	primary	440385.1.X_1	0	77	16	61	OR_per_1SD_score	5.44550860751897	2.05567731645481	14.4252036821145	1.69479116019877	0.497033557231105	0.000650075916037502		glm_converged
GSE130970	primary	440388.1.X_1	0	77	16	61	OR_per_1SD_score	5.45061991649905	2.04383818331039	14.5360125457761	1.69572934835317	0.500459105011962	0.000703151222606007		glm_converged
GSE130970	primary	440389.1.X_1	0	77	16	61	OR_per_1SD_score	5.43484566131993	2.04883171844283	14.4167757149022	1.69283112298872	0.497735400883629	0.000671235337010317		glm_converged
GSE130970	primary	440390.1.X_1	0	77	16	61	OR_per_1SD_score	5.49663623965743	2.07454642455136	14.5636702045119	1.70413631234971	0.497139680173014	0.000608309124326382		glm_converged
GSE130970	primary	440391.1.X_3	0	77	16	61	OR_per_1SD_score	5.43947949833798	2.04298719529825	14.4826836315632	1.69368337583761	0.499627718173108	0.00069920484844813		glm_converged
GSE130970	primary	440393.1.X_3	0	77	16	61	OR_per_1SD_score	5.43942994520773	2.04298944240574	14.4824038317015	1.69367426589318	0.499622509062654	0.000699161211750786		glm_converged
GSE130970	primary	440394.1.X_3	0	77	16	61	OR_per_1SD_score	6.16193630826987	2.20437061395608	17.2246258531965	1.81839106391039	0.524463791634555	0.000526021593383145		glm_converged
GSE130970	primary	440395.1.X_3	0	77	16	61	OR_per_1SD_score	5.54762001726155	2.08858749821783	14.7353596065197	1.71336901006766	0.498408678951936	0.00058672295351218		glm_converged
GSE130970	primary	440408.1.X_6	1	77	15	62	OR_per_1SD_score	6.60695242304841	2.27756483937532	19.1660055361576	1.88812249203021	0.543375343236925	0.000511227871611962		glm_converged
GSE130970	primary	440409.1.X_6	1	77	15	62	OR_per_1SD_score	6.4735558587064	2.25012260726411	18.6242853258321	1.86772554930554	0.539153491049218	0.000531847534239811		glm_converged
GSE130970	primary	440410.1.X_6	1	77	15	62	OR_per_1SD_score	5.32708149762044	1.94592580735569	14.5831856358657	1.67280352678919	0.513809015035042	0.00113116675644859		glm_converged
GSE130970	primary	440411.1.X_7	1	77	15	62	OR_per_1SD_score	5.01794257401366	1.87456197528194	13.4323367315245	1.61302000387987	0.50236989027157	0.00132356158860203		glm_converged
GSE130970	primary	440417.1.X_8	0	77	16	61	OR_per_1SD_score	5.43336720105162	2.04495902298793	14.4362203885773	1.69255905244756	0.498561888169525	0.000686580480731063		glm_converged
GSE130970	primary	440418.1.X_8	0	77	16	61	OR_per_1SD_score	5.44703635999324	2.04334757605576	14.5203906837819	1.69507167361209	0.500246041846496	0.000702821962668114		glm_converged
GSE130970	primary	440419.1.X_8	0	77	16	61	OR_per_1SD_score	5.45837824592212	2.04534528234274	14.566681397397	1.69715172107989	0.500808726334685	0.000701935134261682		glm_converged
GSE130970	primary	440420.1.X_8	0	77	16	61	OR_per_1SD_score	5.43473929706907	2.04872421074975	14.4169679218549	1.6928115520021	0.497752188164789	0.000671613644116317		glm_converged
GSE130970	primary	440421.1.X_1	0	77	16	61	OR_per_1SD_score	5.57051647482574	2.09422915266335	14.8172198619438	1.71748777402578	0.49913379315472	0.000579704190039951		glm_converged
GSE130970	primary	440422.1.X_1	0	77	16	61	OR_per_1SD_score	5.43777055124124	2.05120554674127	14.4155950703833	1.6933691517271	0.497419112164289	0.000663312845914516		glm_converged
GSE130970	primary	440423.1.X_1	0	77	16	61	OR_per_1SD_score	5.4384472783567	2.04305346359104	14.4767179746138	1.69349359335321	0.499514341174246	0.000698212128515037		glm_converged
GSE130970	primary	440424.1.X_1	0	77	16	61	OR_per_1SD_score	5.46198556100366	2.04621458710035	14.5797446937804	1.69781237951152	0.500928998061748	0.000700643010580008		glm_converged
GSE130970	primary	440426.1.X_2	0	77	16	61	OR_per_1SD_score	5.47644339564474	2.05058739665598	14.6257761627765	1.70045587486497	0.501188565206027	0.000691703848335062		glm_converged
GSE130970	primary	440429.1.X_2	0	77	16	61	OR_per_1SD_score	5.43381407962556	2.04443521913846	14.4422944662338	1.69264129614308	0.498734551659423	0.00068911860709578		glm_converged
GSE130970	primary	440430.1.X_2	0	77	16	61	OR_per_1SD_score	5.43826990709247	2.05154709205369	14.4158424132404	1.69346097850055	0.497381015778925	0.000662232056997137		glm_converged
GSE130970	primary	440432.1.X_1	0	77	16	61	OR_per_1SD_score	5.43319698626788	2.04636314816316	14.4254110117687	1.69252772427781	0.498195704452718	0.000680505912628928		glm_converged
GSE130970	primary	440435.1.X_3	0	77	16	61	OR_per_1SD_score	5.65141038839286	2.11226262548908	15.1204869094532	1.73190514027112	0.502115016820368	0.000562208528409676		glm_converged
GSE130970	primary	440436.1.X_4	0	77	16	61	OR_per_1SD_score	5.43831500865534	2.0430651784408	14.4759307952852	1.69346927183218	0.499499006737824	0.000698071060442511		glm_converged
GSE130970	primary	440437.1.X_1	0	77	16	61	OR_per_1SD_score	5.75643893311461	2.13307646740863	15.5346466462751	1.75031904273945	0.50650701744567	0.00054893520913755		glm_converged
GSE130970	primary	440438.1.X_4	0	77	16	61	OR_per_1SD_score	5.43853802966523	2.04304588219995	14.4772548467026	1.69351028020273	0.499524748148867	0.000698306955698368		glm_converged
GSE130970	primary	440440.1.X_4	0	77	16	61	OR_per_1SD_score	5.48068706084689	2.05212348762254	14.6374868959443	1.70123046916795	0.501201716590223	0.000688035322358109		glm_converged
GSE130970	primary	440441.1.X_5	0	77	16	61	OR_per_1SD_score	5.43598204736454	2.04344184876874	14.4608474359447	1.69304019373829	0.499186034083558	0.000694853743693289		glm_converged
GSE130970	primary	440451.1.X_7	0	77	16	61	OR_per_1SD_score	5.44646164405556	2.04328398095737	14.5177785939816	1.69496615820501	0.500208086781816	0.000702703650918666		glm_converged
GSE130970	primary	440474.1.X_2	0	77	16	61	OR_per_1SD_score	5.43315346081651	2.04553485508046	14.4310210385642	1.69251971322542	0.498398170969584	0.000683986501999478		glm_converged
GSE130970	primary	440475.1.X_2	0	77	16	61	OR_per_1SD_score	5.43325560973986	2.04518164835219	14.4340560382763	1.69253851408644	0.498495868845071	0.00068555704293867		glm_converged
GSE130970	primary	440476.1.X_2	0	77	16	61	OR_per_1SD_score	5.48550141655635	2.07106590065188	14.5291010689571	1.70210850551188	0.496961787200667	0.000614733924890579		glm_converged
GSE130970	primary	440477.1.X_2	0	77	16	61	OR_per_1SD_score	6.10609888712732	2.19481517562266	16.9875094875814	1.80928808925644	0.522035841185893	0.000528595096115517		glm_converged
GSE130970	primary	440478.1.X_2	0	77	16	61	OR_per_1SD_score	6.3093192603477	2.22971646162302	17.8531711157653	1.84202778806264	0.530690488739164	0.000518519991027743		glm_converged
GSE130970	primary	440479.1.X_3	0	77	16	61	OR_per_1SD_score	5.43332062859427	2.04504252365638	14.4353834757072	1.69255048084634	0.4985366824509	0.000686193274810928		glm_converged
GSE130970	primary	440480.1.X_3	0	77	16	61	OR_per_1SD_score	5.44759871370819	2.04341413559726	14.5229159516023	1.69517490859181	0.500282093752899	0.000702918919438775		glm_converged
GSE130970	primary	440481.1.X_3	0	77	16	61	OR_per_1SD_score	5.48880324431401	2.07211976884558	14.5391987025809	1.7027102434733	0.497009243494752	0.000612737450717972		glm_converged
GSE130970	primary	440482.1.X_3	0	77	16	61	OR_per_1SD_score	5.43623230731744	2.04338157147689	14.4626055709028	1.69308623034956	0.499224572333606	0.000695283934383106		glm_converged
GSE130970	primary	440483.1.X_3	0	77	16	61	OR_per_1SD_score	5.45322426078549	2.05925682086457	14.4409645932042	1.69620704122801	0.496868311269915	0.000640645311296985		glm_converged
GSE130970	primary	440484.1.X_4	0	77	16	61	OR_per_1SD_score	5.433888992922	2.04437248666097	14.4431358669011	1.69265508255148	0.498757241139844	0.0006894376202407		glm_converged
GSE130970	primary	440485.1.X_4	0	77	16	61	OR_per_1SD_score	5.4705028896503	2.06598975494574	14.485261504338	1.69937054815873	0.496816906304867	0.000625022873460121		glm_converged
GSE130970	primary	440487.1.X_4	0	77	16	61	OR_per_1SD_score	5.43390950313322	2.04775943098496	14.4193561223346	1.69265885704384	0.497914603115075	0.000675100902506251		glm_converged
GSE130970	primary	440488.1.X_4	0	77	16	61	OR_per_1SD_score	5.47840082854157	2.05128185546522	14.6312782703176	1.70081323876309	0.5011981355508	0.000690068827369893		glm_converged
GSE130970	primary	440490.1.X_5	0	77	16	61	OR_per_1SD_score	5.43653292580614	2.05029801652136	14.4154118158493	1.69314152787182	0.497528760905312	0.000666252035156406		glm_converged
GSE130970	primary	440492.1.X_5	0	77	16	61	OR_per_1SD_score	5.45532987362777	2.06015302172459	14.4458317980586	1.69659308924913	0.496843278987685	0.000638417557126332		glm_converged
GSE130970	primary	440525.1.X_4	0	77	16	61	OR_per_1SD_score	5.43514662254631	2.04369766298897	14.4545934281552	1.69288649767871	0.499043750340112	0.000693184541777175		glm_converged
GSE130970	primary	440526.1.X_4	0	77	16	61	OR_per_1SD_score	5.47445303508596	2.04990588354498	14.6200058617005	1.7000923684446	0.501172697354112	0.000693265685063187		glm_converged
GSE130970	primary	440527.1.X_4	0	77	16	61	OR_per_1SD_score	5.57308850560564	2.09484432135103	14.8265506771799	1.71794938960352	0.499219463575594	0.000578988644147917		glm_converged
GSE130970	primary	440528.1.X_5	0	77	16	61	OR_per_1SD_score	5.43389895790222	2.04774502897889	14.4194015694496	1.69265691640769	0.497917201300916	0.000675154317548016		glm_converged
GSE130970	primary	440529.1.X_5	0	77	16	61	OR_per_1SD_score	5.57045760599393	2.09421503212826	14.8170065939414	1.71747720603929	0.499131841435005	0.000579720725300025		glm_converged
GSE130970	primary	440534.1.X_5	0	77	16	61	OR_per_1SD_score	5.48737660633424	2.05477891896777	14.6542782494921	1.70245029183125	0.501164301878176	0.000681313722449006		glm_converged
GSE130970	primary	440538.1.X_6	0	77	16	61	OR_per_1SD_score	5.48265107620713	2.0528729915238	14.6426315449368	1.70158875700998	0.501198206993494	0.000686181763894303		glm_converged
GSE130970	primary	440548.1.X_7	0	77	16	61	OR_per_1SD_score	5.44663016310063	2.04330215263988	14.518547878624	1.69499709874018	0.500219335355138	0.000702740407924404		glm_converged
GSE130970	primary	449058.1.X_7	1	77	15	62	OR_per_1SD_score	6.2709104282712	2.20858619674778	17.8051993883268	1.83592154797477	0.532433146498994	0.000564392617659243		glm_converged
GSE130970	primary	449060.1.X_8	0	77	16	61	OR_per_1SD_score	5.72936150317181	2.12790046108431	15.4262776076002	1.74560409400678	0.505340969095738	0.000551703897435375		glm_converged
GSE130970	primary	449063.1.X_8	0	77	16	61	OR_per_1SD_score	5.4485871228242	2.05717160664431	14.4310282813166	1.69535633154725	0.496951172788859	0.000646029699516587		glm_converged
GSE130970	primary	449064.1.X_8	0	77	16	61	OR_per_1SD_score	5.4506525674264	2.04384333173061	14.5361500803663	1.69573533864969	0.500460876085275	0.000703151277500389		glm_converged
GSE130970	primary	449065.1.X_5	0	77	16	61	OR_per_1SD_score	5.45753294943189	2.06106299986547	14.4511186198961	1.69699684688263	0.496823968276107	0.000636205408479778		glm_converged
GSE130970	ecm_excluded	440349.1.X_1	1	77	15	62	OR_per_1SD_score	5.27439511411508	1.88564192522557	14.7531954225473	1.66286400247705	0.524793722276909	0.00153172420042981		glm_converged
GSE130970	ecm_excluded	440350.1.X_1	1	77	15	62	OR_per_1SD_score	5.53428340564519	2.02703253403584	15.1099167377538	1.71096209177106	0.512443456169207	0.000841317347500618		glm_converged
GSE130970	ecm_excluded	440351.1.X_4	1	77	15	62	OR_per_1SD_score	5.2249627609207	1.89364344719774	14.4167772942724	1.65344767072896	0.517829054868635	0.00140784587106801		glm_converged
GSE130970	ecm_excluded	440352.1.X_4	1	77	15	62	OR_per_1SD_score	5.51991112876056	2.02320634049991	15.059966084273	1.70836176029718	0.51208071940394	0.00084957062591693		glm_converged
GSE130970	ecm_excluded	440353.1.X_4	1	77	15	62	OR_per_1SD_score	5.77331479941827	2.1066553751539	15.8218397590289	1.7532464041986	0.514359614600822	0.000652970445494036		glm_converged
GSE130970	ecm_excluded	440354.1.X_4	1	77	15	62	OR_per_1SD_score	5.24759483888463	1.92865088379951	14.2779866612455	1.65776984570505	0.510688322019125	0.00116978032564715		glm_converged
GSE130970	ecm_excluded	440355.1.X_4	1	77	15	62	OR_per_1SD_score	5.63984133467104	2.05388053034942	15.4866896152196	1.72985593296373	0.515369891599909	0.00078926365311063		glm_converged
GSE130970	ecm_excluded	440357.1.X_5	1	77	15	62	OR_per_1SD_score	5.25350954280644	1.93206497206881	14.284903931986	1.65889633761148	0.510360700485413	0.00115226975018976		glm_converged
GSE130970	ecm_excluded	440375.1.X_8	1	77	15	62	OR_per_1SD_score	5.79398838253572	2.09040371611263	16.0592430630515	1.75682089425984	0.520134531292379	0.000731139482740021		glm_converged
GSE130970	ecm_excluded	440376.1.X_1	1	77	15	62	OR_per_1SD_score	8.29480476971524	2.61071357615425	26.3543985813423	2.11562938746613	0.589798878914967	0.000334459084396995		glm_converged
GSE130970	ecm_excluded	440377.1.X_1	1	77	15	62	OR_per_1SD_score	5.7688640381717	2.08460620198974	15.9645463297314	1.75247518733742	0.519334296873762	0.000739594344237673		glm_converged
GSE130970	ecm_excluded	440378.1.X_1	0	77	16	61	OR_per_1SD_score	5.69821398381295	2.08983743672816	15.5369226499052	1.7401527895673	0.511768626574235	0.000673187272026062		glm_converged
GSE130970	ecm_excluded	440379.1.X_1	0	77	16	61	OR_per_1SD_score	5.68572640128233	2.08024151510276	15.5402555306863	1.73795889411161	0.512997394953472	0.000704424421151974		glm_converged
GSE130970	ecm_excluded	440380.1.X_1	0	77	16	61	OR_per_1SD_score	5.82034040810764	2.12700378735156	15.9267993163434	1.76135874939848	0.513594098252423	0.000604747412000667		glm_converged
GSE130970	ecm_excluded	440381.1.X_1	0	77	16	61	OR_per_1SD_score	5.6968074181837	2.07769511597416	15.6200082054178	1.73990591585171	0.514615690752312	0.000722275150155144		glm_converged
GSE130970	ecm_excluded	440382.1.X_1	0	77	16	61	OR_per_1SD_score	5.68591250716768	2.07950625027855	15.5467679093704	1.73799162569707	0.513194459100321	0.000707608275605064		glm_converged
GSE130970	ecm_excluded	440383.1.X_1	0	77	16	61	OR_per_1SD_score	6.06157303657596	2.17558833360623	16.8886122021258	1.80196934338968	0.52279092715169	0.000567213838777552		glm_converged
GSE130970	ecm_excluded	440384.1.X_1	0	77	16	61	OR_per_1SD_score	5.6993228269734	2.09037255790319	15.5389911541139	1.74034736549758	0.511737274508611	0.000671739626330748		glm_converged
GSE130970	ecm_excluded	440385.1.X_1	0	77	16	61	OR_per_1SD_score	5.69028359961136	2.08537898509073	15.5268311781694	1.73876008865565	0.512147695149476	0.000686194663950622		glm_converged
GSE130970	ecm_excluded	440388.1.X_1	0	77	16	61	OR_per_1SD_score	5.7140380553628	2.08066688227101	15.6921952169956	1.74292596380789	0.515427298471785	0.000720868782013786		glm_converged
GSE130970	ecm_excluded	440389.1.X_1	0	77	16	61	OR_per_1SD_score	5.68584125252316	2.0809134485633	15.5358651611457	1.73797909383153	0.512842927835109	0.000701707547596023		glm_converged
GSE130970	ecm_excluded	440390.1.X_1	0	77	16	61	OR_per_1SD_score	5.74506634946556	2.10701209707354	15.6647355777424	1.7483414603142	0.511770706191492	0.000634877503321471		glm_converged
GSE130970	ecm_excluded	440391.1.X_3	0	77	16	61	OR_per_1SD_score	5.6901507958029	2.07771240722823	15.583396415373	1.73873674968565	0.51401493133575	0.000717879546970475		glm_converged
GSE130970	ecm_excluded	440393.1.X_3	0	77	16	61	OR_per_1SD_score	5.69834486823218	2.07782921890449	15.6274317166587	1.74017575867946	0.514720436071474	0.000722705770567069		glm_converged
GSE130970	ecm_excluded	440394.1.X_3	0	77	16	61	OR_per_1SD_score	6.48276591288323	2.24694144881233	18.7037601284425	1.86914725770249	0.540600674659287	0.000545135796318352		glm_converged
GSE130970	ecm_excluded	440395.1.X_3	0	77	16	61	OR_per_1SD_score	5.76645418766584	2.11322354305376	15.7351994339403	1.75205736608728	0.51216471372049	0.000624173704238492		glm_converged
GSE130970	ecm_excluded	440408.1.X_6	1	77	15	62	OR_per_1SD_score	7.00699362335191	2.34840384345086	20.9069491069932	1.9469087393483	0.557741253834917	0.00048175253365635		glm_converged
GSE130970	ecm_excluded	440409.1.X_6	1	77	15	62	OR_per_1SD_score	6.70553643931539	2.28579952727622	19.6711121874132	1.90293351939694	0.549090639655355	0.000529031830262364		glm_converged
GSE130970	ecm_excluded	440410.1.X_6	1	77	15	62	OR_per_1SD_score	5.59720830946686	1.98795405157436	15.7592882163217	1.72226795727397	0.528143858263704	0.00111026834513432		glm_converged
GSE130970	ecm_excluded	440411.1.X_7	1	77	15	62	OR_per_1SD_score	5.22552123809422	1.89321953737718	14.4230881156038	1.65355455136226	0.517997812551819	0.00141191705382017		glm_converged
GSE130970	ecm_excluded	440417.1.X_8	0	77	16	61	OR_per_1SD_score	5.68579408538461	2.07978984581992	15.544000489458	1.73797079825448	0.513114257810817	0.000706348857694581		glm_converged
GSE130970	ecm_excluded	440418.1.X_8	0	77	16	61	OR_per_1SD_score	5.69468699980807	2.07757685654389	15.6092709271562	1.7395336348634	0.514454792384655	0.000721398281447047		glm_converged
GSE130970	ecm_excluded	440419.1.X_8	0	77	16	61	OR_per_1SD_score	5.70939409758322	2.07960625791772	15.6746888202564	1.74211290553027	0.515272616742038	0.000722346902346492		glm_converged
GSE130970	ecm_excluded	440420.1.X_8	0	77	16	61	OR_per_1SD_score	5.68827203289635	2.08387796547781	15.5270314559	1.73840651711266	0.512334669779726	0.000691045590506833		glm_converged
GSE130970	ecm_excluded	440421.1.X_1	0	77	16	61	OR_per_1SD_score	5.92134163586431	2.14900118333389	16.3156200380615	1.77856305089952	0.517122389079252	0.000583120481372887		glm_converged
GSE130970	ecm_excluded	440422.1.X_1	0	77	16	61	OR_per_1SD_score	5.69658647479837	2.08902408644052	15.5340944489295	1.73986713137933	0.511821489154019	0.000675429604160986		glm_converged
GSE130970	ecm_excluded	440423.1.X_1	0	77	16	61	OR_per_1SD_score	5.6903976105705	2.07768486398174	15.5849549311974	1.73878012453171	0.514043824937254	0.000718156008918524		glm_converged
GSE130970	ecm_excluded	440424.1.X_1	0	77	16	61	OR_per_1SD_score	5.70422789528523	2.07862484123642	15.6537222281994	1.74120763590525	0.515051579009411	0.000723153506382272		glm_converged
GSE130970	ecm_excluded	440426.1.X_2	0	77	16	61	OR_per_1SD_score	5.72424623768203	2.08349861758331	15.7269098779744	1.7447108792319	0.515644066764635	0.00071553460402222		glm_converged
GSE130970	ecm_excluded	440429.1.X_2	0	77	16	61	OR_per_1SD_score	5.68579453749097	2.07978836633298	15.5440140188698	1.73797087776956	0.513114661320511	0.000706355316672384		glm_converged
GSE130970	ecm_excluded	440430.1.X_2	0	77	16	61	OR_per_1SD_score	5.68635559274901	2.08189430357653	15.5313552045556	1.73806954956901	0.512648646652506	0.000697978741822334		glm_converged
GSE130970	ecm_excluded	440432.1.X_1	0	77	16	61	OR_per_1SD_score	5.68585266055663	2.07963012264415	15.5455146208664	1.73798110022276	0.513158697946041	0.000707052722263269		glm_converged
GSE130970	ecm_excluded	440435.1.X_3	0	77	16	61	OR_per_1SD_score	5.886796934711	2.14186054724961	16.1795678971831	1.77271203560221	0.515835290657034	0.000589096575139772		glm_converged
GSE130970	ecm_excluded	440436.1.X_4	0	77	16	61	OR_per_1SD_score	5.68716690153871	2.07845225963071	15.5615156499693	1.73821221579954	0.51356566582517	0.000712831288511864		glm_converged
GSE130970	ecm_excluded	440437.1.X_1	0	77	16	61	OR_per_1SD_score	6.14680112743163	2.19060994012962	17.2477826417418	1.81593180461668	0.526403973515651	0.000561225572833454		glm_converged
GSE130970	ecm_excluded	440438.1.X_4	0	77	16	61	OR_per_1SD_score	5.68908030073838	2.07787488636203	15.5763154368335	1.73854860075738	0.513879040088471	0.000716499734281459		glm_converged
GSE130970	ecm_excluded	440440.1.X_4	0	77	16	61	OR_per_1SD_score	5.71226996242227	2.08024484330578	15.6856671120205	1.74261648624928	0.515372901191799	0.000721508147216941		glm_converged
GSE130970	ecm_excluded	440441.1.X_5	0	77	16	61	OR_per_1SD_score	5.69187500714206	2.07757877209725	15.5938448794527	1.73903972059473	0.514202324894099	0.000719563454145489		glm_converged
GSE130970	ecm_excluded	440451.1.X_7	0	77	16	61	OR_per_1SD_score	5.69863358443233	2.07785834469937	15.628796261527	1.74022642407317	0.514739134069817	0.000722769892604743		glm_converged
GSE130970	ecm_excluded	440474.1.X_2	0	77	16	61	OR_per_1SD_score	5.68743231093781	2.08312685448699	15.5280444020129	1.73825888283268	0.512443276791034	0.000693590998396255		glm_converged
GSE130970	ecm_excluded	440475.1.X_2	0	77	16	61	OR_per_1SD_score	5.6860313814433	2.07931649799438	15.5488367941788	1.73801253228556	0.513251683320832	0.00070847749863945		glm_converged
GSE130970	ecm_excluded	440476.1.X_2	0	77	16	61	OR_per_1SD_score	5.72215549570026	2.09953504959434	15.5953879042405	1.7443455693199	0.511545741866984	0.000649747124829481		glm_converged
GSE130970	ecm_excluded	440477.1.X_2	0	77	16	61	OR_per_1SD_score	6.80532808460464	2.30128928873059	20.1245843214501	1.91770584722702	0.55318179644363	0.000526923206608044		glm_converged
GSE130970	ecm_excluded	440478.1.X_2	0	77	16	61	OR_per_1SD_score	6.35387049145376	2.2255545889498	18.140049416275	1.84906415343214	0.535233681332569	0.000550934632586445		glm_converged
GSE130970	ecm_excluded	440479.1.X_3	0	77	16	61	OR_per_1SD_score	5.68667271602927	2.08231112782561	15.529978276109	1.73812531717492	0.512574959770799	0.000696462171189275		glm_converged
GSE130970	ecm_excluded	440480.1.X_3	0	77	16	61	OR_per_1SD_score	5.69387958433446	2.07755612108114	15.6050006986235	1.73939184081601	0.514387540650991	0.000720961443502149		glm_converged
GSE130970	ecm_excluded	440481.1.X_3	0	77	16	61	OR_per_1SD_score	5.71817843644004	2.09810722915521	15.5843153183993	1.74365029950627	0.511538102377244	0.000652870781961407		glm_converged
GSE130970	ecm_excluded	440482.1.X_3	0	77	16	61	OR_per_1SD_score	5.68595706527522	2.08120711117279	15.5343058240536	1.73799946224624	0.512781323957277	0.000700564926734236		glm_converged
GSE130970	ecm_excluded	440483.1.X_3	0	77	16	61	OR_per_1SD_score	5.71360075047868	2.09639664710182	15.5720691411147	1.74284942920757	0.511545632970876	0.000656747965229188		glm_converged
GSE130970	ecm_excluded	440484.1.X_4	0	77	16	61	OR_per_1SD_score	5.6861135719306	2.0815125664806	15.5328812679521	1.73802698698828	0.512720490882739	0.000699401153879702		glm_converged
GSE130970	ecm_excluded	440485.1.X_4	0	77	16	61	OR_per_1SD_score	5.71907213963288	2.09843245980949	15.5867709658353	1.7438065788828	0.5115387554051	0.000652150486308555		glm_converged
GSE130970	ecm_excluded	440487.1.X_4	0	77	16	61	OR_per_1SD_score	5.68573398898089	2.08009344951386	15.5414032004224	1.73796022862772	0.513034391975927	0.000705045430818967		glm_converged
GSE130970	ecm_excluded	440488.1.X_4	0	77	16	61	OR_per_1SD_score	5.7294082030826	2.08516871949401	15.7426677518527	1.74561224495352	0.515695138957155	0.000711861999251323		glm_converged
GSE130970	ecm_excluded	440490.1.X_5	0	77	16	61	OR_per_1SD_score	5.68618994634376	2.08164173366208	15.5323346871127	1.73804041864055	0.512695684299485	0.000698916048110101		glm_converged
GSE130970	ecm_excluded	440492.1.X_5	0	77	16	61	OR_per_1SD_score	5.73323124712485	2.10328574929562	15.6279005570293	1.74627928925874	0.511621696319102	0.000641992255511919		glm_converged
GSE130970	ecm_excluded	440525.1.X_4	0	77	16	61	OR_per_1SD_score	5.68573347976327	2.08041169426057	15.5390230174567	1.73796013906714	0.512956293370661	0.000703721362803797		glm_converged
GSE130970	ecm_excluded	440526.1.X_4	0	77	16	61	OR_per_1SD_score	5.71913733346734	2.08200041882511	15.7101466182786	1.74381797819047	0.515555513690263	0.000718539068920777		glm_converged
GSE130970	ecm_excluded	440527.1.X_4	0	77	16	61	OR_per_1SD_score	5.85300745720512	2.13452540129742	16.049327065059	1.76695562439081	0.514648620865092	0.000596228455433274		glm_converged
GSE130970	ecm_excluded	440528.1.X_5	0	77	16	61	OR_per_1SD_score	5.69020403903587	2.08532474670691	15.5268008289794	1.73874610672833	0.512153831525341	0.000686365060079817		glm_converged
GSE130970	ecm_excluded	440529.1.X_5	0	77	16	61	OR_per_1SD_score	5.911980155028	2.14709703887273	16.2784954385644	1.77698082691293	0.516767403883713	0.000584628428701104		glm_converged
GSE130970	ecm_excluded	440534.1.X_5	0	77	16	61	OR_per_1SD_score	5.73615369726947	2.08758353919085	15.761505406127	1.74678889813873	0.515704950215576	0.000706133418339058		glm_converged
GSE130970	ecm_excluded	440538.1.X_6	0	77	16	61	OR_per_1SD_score	5.74321331058651	2.0903988701195	15.7790456177449	1.7480188639029	0.515644882238785	0.000699011714410465		glm_converged
GSE130970	ecm_excluded	440548.1.X_7	0	77	16	61	OR_per_1SD_score	5.70179883348122	2.07824861099194	15.6432246678951	1.74078170987536	0.514926624898557	0.000723171394924629		glm_converged
GSE130970	ecm_excluded	449058.1.X_7	1	77	15	62	OR_per_1SD_score	6.3469840015174	2.2107380276076	18.2220622310063	1.84797973968423	0.538088434060949	0.000593994118053225		glm_converged
GSE130970	ecm_excluded	449060.1.X_8	0	77	16	61	OR_per_1SD_score	5.88416298982797	2.14130236766336	16.1693064061023	1.77226450287015	0.515739936697792	0.000589602111326066		glm_converged
GSE130970	ecm_excluded	449063.1.X_8	0	77	16	61	OR_per_1SD_score	5.69785174981121	2.08965944357801	15.5362705930866	1.74008921780309	0.511779648346896	0.000673673577857452		glm_converged
GSE130970	ecm_excluded	449064.1.X_8	0	77	16	61	OR_per_1SD_score	5.70188325288248	2.0782606480053	15.6435972844436	1.74079651551456	0.514931223752361	0.000723175184110416		glm_converged
GSE130970	ecm_excluded	449065.1.X_5	0	77	16	61	OR_per_1SD_score	5.73536861751283	2.10397769981725	15.6344115156773	1.7466520235834	0.511644044750146	0.000640628570508775		glm_converged
GSE162694	primary	548nash1	0	142	20	122	OR_per_1SD_score	8.81066876265624	3.5016781299684	22.1687662783407	2.17596334656271	0.470776034320937	3.79915899484752e-06		glm_converged
GSE162694	primary	548nash10	0	142	20	122	OR_per_1SD_score	8.7985411922599	3.50145903425995	22.1091625960594	2.17458593413537	0.470105196721156	3.73257472750966e-06		glm_converged
GSE162694	primary	548nash100	0	142	20	122	OR_per_1SD_score	8.84037156211549	3.50909163462198	22.2713389941666	2.17932890767975	0.471414131249898	3.78301781010664e-06		glm_converged
GSE162694	primary	548nash101	1	142	19	123	OR_per_1SD_score	8.99363751986498	3.52580445226837	22.9410101818564	2.1965173850975	0.477759572173735	4.275144029679e-06		glm_converged
GSE162694	primary	548nash102	0	142	20	122	OR_per_1SD_score	8.82772614127486	3.5052525782012	22.2319924418509	2.17789746630874	0.471242288859327	3.8077571129408e-06		glm_converged
GSE162694	primary	548nash103	0	142	20	122	OR_per_1SD_score	8.84726477726765	3.51159811412642	22.2901629102148	2.18010834653398	0.471447504849653	3.75889968137459e-06		glm_converged
GSE162694	primary	548nash104	0	142	20	122	OR_per_1SD_score	8.8338706087254	3.5070003772169	22.2518567259555	2.17859326610368	0.471342952747196	3.79878674225066e-06		glm_converged
GSE162694	primary	548nash105	0	142	20	122	OR_per_1SD_score	8.84873761002761	3.51217614370215	22.2939152500995	2.18027480591063	0.471448457440199	3.75267181746745e-06		glm_converged
GSE162694	primary	548nash106	0	142	20	122	OR_per_1SD_score	8.84058980655591	3.50916627472983	22.2719649081882	2.17935359462249	0.471415874452089	3.78237434376713e-06		glm_converged
GSE162694	primary	548nash108	0	142	20	122	OR_per_1SD_score	8.84481013807354	3.5106692501459	22.2836903178268	2.17983086192897	0.471440904627084	3.76840986873865e-06		glm_converged
GSE162694	primary	548nash109	0	142	20	122	OR_per_1SD_score	8.85692891885197	3.51572186001545	22.3126837096412	2.18120008137489	0.471405720212444	3.70978430584771e-06		glm_converged
GSE162694	primary	548nash11	0	142	20	122	OR_per_1SD_score	8.82217127653921	3.50386649791334	22.2128057901019	2.17726801620061	0.471122930491256	3.81079079808606e-06		glm_converged
GSE162694	primary	548nash110	0	142	20	122	OR_per_1SD_score	8.81800595286962	3.50295717799514	22.1975962119375	2.17679576201713	0.471014409314789	3.80964924428891e-06		glm_converged
GSE162694	primary	548nash111	0	142	20	122	OR_per_1SD_score	8.80482699044012	3.50107488697028	22.1431934004333	2.17530009274208	0.470525541241107	3.77995194045282e-06		glm_converged
GSE162694	primary	548nash1119	1	142	19	123	OR_per_1SD_score	8.64140200464962	3.39407089014884	22.0012577883097	2.15656483870843	0.476803461842608	6.09796478539028e-06		glm_converged
GSE162694	primary	548nash112	0	142	20	122	OR_per_1SD_score	8.84861291885778	3.51212658230105	22.2936015411148	2.18026071440359	0.471448467593785	3.75321477465497e-06		glm_converged
GSE162694	primary	548nash1120	1	142	19	123	OR_per_1SD_score	8.76827184705818	3.45578208250173	22.2475229480488	2.17113973417966	0.475046397988553	4.86854432433224e-06		glm_converged
GSE162694	primary	548nash1121	1	142	19	123	OR_per_1SD_score	8.75820536785425	3.45026636624436	22.2319534561055	2.16999101727695	0.475275296738252	4.97697507264234e-06		glm_converged
GSE162694	primary	548nash1122	1	142	19	123	OR_per_1SD_score	8.21227241507048	3.3255544770345	20.279751447484	2.10562967141097	0.46122104652841	4.98691721705025e-06		glm_converged
GSE162694	primary	548nash1123	1	142	19	123	OR_per_1SD_score	8.7998832241363	3.47402012530318	22.2905861121566	2.1747384514116	0.474196933922567	4.51493446448464e-06		glm_converged
GSE162694	primary	548nash1124	1	142	19	123	OR_per_1SD_score	8.20621536830043	3.32108006387916	20.2771295408855	2.10489183889865	0.461531524709158	5.09912614574202e-06		glm_converged
GSE162694	primary	548nash1125	1	142	19	123	OR_per_1SD_score	8.40452521224193	3.31529930517765	21.3060835662394	2.12877027653712	0.474603249406618	7.27881621728951e-06		glm_converged
GSE162694	primary	548nash1126	0	142	20	122	OR_per_1SD_score	10.9988896603564	3.86344376251429	31.3128859113935	2.39779432773599	0.533793558953423	7.05613590705921e-06		glm_converged
GSE162694	primary	548nash1127	0	142	20	122	OR_per_1SD_score	8.79746017288083	3.5021141690712	22.0995952036454	2.17446306310825	0.469947055444169	3.70931792008501e-06		glm_converged
GSE162694	primary	548nash1128	1	142	19	123	OR_per_1SD_score	9.92934216237618	3.70617326331438	26.6020579106364	2.29549422836777	0.502803239535141	4.98560209983051e-06		glm_converged
GSE162694	primary	548nash1129	0	142	20	122	OR_per_1SD_score	8.82828822089559	3.51636553858384	22.1645537291303	2.17796113635447	0.469659794696725	3.52961649322055e-06		glm_converged
GSE162694	primary	548nash113	0	142	20	122	OR_per_1SD_score	8.85196127117544	3.51349993019107	22.3017560561411	2.1806390470296	0.471442028187885	3.7375721357804e-06		glm_converged
GSE162694	primary	548nash1130	0	142	20	122	OR_per_1SD_score	8.79740840034617	3.50315146747957	22.0927913853993	2.17445717814987	0.469792956892291	3.68246362201714e-06		glm_converged
GSE162694	primary	548nash1131	1	142	19	123	OR_per_1SD_score	8.2779267598791	3.29458003000459	20.7990307771722	2.11359254572508	0.470058082982231	6.90975027019692e-06		glm_converged
GSE162694	primary	548nash1132	0	142	20	122	OR_per_1SD_score	8.79865890337335	3.50142174138751	22.1099896601525	2.17459931252657	0.47011745647341	3.73423518423445e-06		glm_converged
GSE162694	primary	548nash1133	0	142	20	122	OR_per_1SD_score	8.80968166517538	3.50154451782936	22.1646449578309	2.175851305944	0.470738338765508	3.79673958439314e-06		glm_converged
GSE162694	primary	548nash1134	0	142	20	122	OR_per_1SD_score	8.8445770873856	3.51058321636333	22.2830621106149	2.17980451271913	0.471439964559223	3.76925827424799e-06		glm_converged
GSE162694	primary	548nash1135	0	142	20	122	OR_per_1SD_score	8.8265222398567	3.51582569268334	22.159089118899	2.17776107971283	0.46963605947888	3.53288894566251e-06		glm_converged
GSE162694	primary	548nash1136	0	142	20	122	OR_per_1SD_score	8.89713159534023	3.53361531732519	22.4016887850491	2.18572893213225	0.471126232692135	3.49472806828693e-06		glm_converged
GSE162694	primary	548nash1137	1	142	19	123	OR_per_1SD_score	8.33853804722634	3.37564450386544	20.5979085432193	2.12088790690729	0.461378386074408	4.28923176333267e-06		glm_converged
GSE162694	primary	548nash1138	1	142	19	123	OR_per_1SD_score	8.43581072422694	3.4028476491146	20.912750117831	2.13248582569187	0.463200612630947	4.14838637936895e-06		glm_converged
GSE162694	primary	548nash1139	0	142	20	122	OR_per_1SD_score	8.79975400669971	3.50118451012843	22.1169922220372	2.17472376730932	0.47021552275699	3.74686909625305e-06		glm_converged
GSE162694	primary	548nash114	0	142	20	122	OR_per_1SD_score	8.8317707797369	3.50637823361032	22.2452256742143	2.17835553581671	0.471312180270876	3.80249983833695e-06		glm_converged
GSE162694	primary	548nash115	0	142	20	122	OR_per_1SD_score	8.79966225659953	3.50119876181158	22.1164409958138	2.17471334081576	0.470208126319666	3.74595493126332e-06		glm_converged
GSE162694	primary	548nash116	1	142	19	123	OR_per_1SD_score	10.4785126971244	3.80894305780592	28.826691992357	2.34932675060824	0.516313781941325	5.35970313523661e-06		glm_converged
GSE162694	primary	548nash117	0	142	20	122	OR_per_1SD_score	8.80494132425577	3.50108149666685	22.143726673428	2.17531307801407	0.470531203163983	3.78046301565351e-06		glm_converged
GSE162694	primary	548nash12	0	142	20	122	OR_per_1SD_score	8.79877116325882	3.50138896647524	22.1107608222488	2.17461207119474	0.470128741764382	3.73574719922434e-06		glm_converged
GSE162694	primary	548nash13	0	142	20	122	OR_per_1SD_score	8.82553301526581	3.50468274653218	22.224560291689	2.17764899932586	0.471198468100741	3.80954756400315e-06		glm_converged
GSE162694	primary	548nash14	0	142	20	122	OR_per_1SD_score	8.83631722292566	3.50775784825202	22.2593763429484	2.17887018610466	0.471374052250881	3.7936151305441e-06		glm_converged
GSE162694	primary	548nash143	0	142	20	122	OR_per_1SD_score	9.2710968902123	3.59688342338045	23.8965869699838	2.22690169946143	0.483078543201682	4.03031522419484e-06		glm_converged
GSE162694	primary	548nash144	1	142	19	123	OR_per_1SD_score	8.83801350313065	3.49850992317313	22.3267860880251	2.17906213455652	0.472818873953468	4.05269539842594e-06		glm_converged
GSE162694	primary	548nash145	0	142	20	122	OR_per_1SD_score	8.7977663028879	3.50369300524991	22.091174028162	2.17449786004679	0.469734848708085	3.67076206228905e-06		glm_converged
GSE162694	primary	548nash146	0	142	20	122	OR_per_1SD_score	8.79928921231576	3.50501418209677	22.090492825241	2.17467094689423	0.469630806208451	3.6461312916435e-06		glm_converged
GSE162694	primary	548nash148	0	142	20	122	OR_per_1SD_score	8.85355728831495	3.52336583992973	22.2473283271197	2.18081933174009	0.470103364529042	3.50063660169474e-06		glm_converged
GSE162694	primary	548nash149	0	142	20	122	OR_per_1SD_score	9.24457050995969	3.59295850242269	23.7859924783407	2.22403640729264	0.48217369836237	3.97813949436715e-06		glm_converged
GSE162694	primary	548nash15	0	142	20	122	OR_per_1SD_score	8.84530006322546	3.51085131087567	22.2850033455225	2.17988625165198	0.471442706566808	3.76659596609614e-06		glm_converged
GSE162694	primary	548nash150	0	142	20	122	OR_per_1SD_score	8.79730458327396	3.50285508721238	22.0941392104471	2.17444537721031	0.469830103084594	3.689422601286e-06		glm_converged
GSE162694	primary	548nash151	0	142	20	122	OR_per_1SD_score	8.87563426615044	3.52876325081511	22.3242190045669	2.18330979941636	0.470593032518447	3.49276746848899e-06		glm_converged
GSE162694	primary	548nash153	1	142	19	123	OR_per_1SD_score	8.86190586781019	3.499002849642	22.4445017579691	2.18176185071797	0.474124399447262	4.19126104606175e-06		glm_converged
GSE162694	primary	548nash154	0	142	20	122	OR_per_1SD_score	9.22486092665606	3.59001635951	23.7040867211426	2.22190211411171	0.481502731967007	3.94012212319686e-06		glm_converged
GSE162694	primary	548nash155	0	142	20	122	OR_per_1SD_score	8.80636146712593	3.50868953895817	22.10283965811	2.17547435431374	0.469505988404522	3.5946683009317e-06		glm_converged
GSE162694	primary	548nash156	0	142	20	122	OR_per_1SD_score	9.03027291563369	3.55905327015728	22.9122248926675	2.20058259018743	0.475044906142676	3.61507678540426e-06		glm_converged
GSE162694	primary	548nash157	0	142	20	122	OR_per_1SD_score	8.85432911447328	3.52356357962279	22.2499586841007	2.18090650489461	0.470119207562021	3.50014391257815e-06		glm_converged
GSE162694	primary	548nash158	0	142	20	122	OR_per_1SD_score	8.83467648743554	3.51825124155717	22.1847455678296	2.17868448794623	0.469755320490411	3.51944208897768e-06		glm_converged
GSE162694	primary	548nash159	0	142	20	122	OR_per_1SD_score	8.79783760721757	3.50377628925643	22.091007008726	2.17450596483592	0.469726856219492	3.66906049558522e-06		glm_converged
GSE162694	primary	548nash16	0	142	20	122	OR_per_1SD_score	8.79788533523568	3.50382965777157	22.090910213136	2.17451138979269	0.469721852831575	3.66798240578624e-06		glm_converged
GSE162694	primary	548nash160	0	142	20	122	OR_per_1SD_score	8.82652327816531	3.51582601271838	22.159092315196	2.1777611973479	0.469636073054431	3.53288695620926e-06		glm_converged
GSE162694	primary	548nash17	0	142	20	122	OR_per_1SD_score	8.79939078265086	3.50124593375345	22.1147784562492	2.17468248984349	0.470185512052006	3.74312159365743e-06		glm_converged
GSE162694	primary	548nash19	0	142	20	122	OR_per_1SD_score	8.79966842772998	3.50119777794507	22.1164782308972	2.17471404210725	0.470208627493139	3.74601706777969e-06		glm_converged
GSE162694	primary	548nash2	0	142	20	122	OR_per_1SD_score	8.83873406095389	3.51940195871512	22.1978679095774	2.17914366062018	0.469822746702441	3.51413924159748e-06		glm_converged
GSE162694	primary	548nash21	0	142	20	122	OR_per_1SD_score	8.81754983385651	3.50286494447026	22.1958843132906	2.17674403481116	0.471001451829981	3.8093312111624e-06		glm_converged
GSE162694	primary	548nash22	0	142	20	122	OR_per_1SD_score	8.8437718980748	3.51028876429027	22.2808739214909	2.17971347094784	0.471436310115007	3.77211861843562e-06		glm_converged
GSE162694	primary	548nash23	0	142	20	122	OR_per_1SD_score	9.39334588693736	3.6145956296654	24.4107380165816	2.24000155423915	0.487255899948382	4.28254056539909e-06		glm_converged
GSE162694	primary	548nash24	0	142	20	122	OR_per_1SD_score	8.83565550314299	3.50754950259534	22.25736461095	2.17879529692356	0.471366148302504	3.79510387606571e-06		glm_converged
GSE162694	primary	548nash25	0	142	20	122	OR_per_1SD_score	8.79735946785792	3.50228019757548	22.0980416302175	2.17445161598632	0.469917027853891	3.70446371896624e-06		glm_converged
GSE162694	primary	548nash26	0	142	20	122	OR_per_1SD_score	8.85129884508294	3.51322099323866	22.3001887429643	2.18056421040759	0.471444352975879	3.7408475263359e-06		glm_converged
GSE162694	primary	548nash27	0	142	20	122	OR_per_1SD_score	8.83258682366848	3.50661695504018	22.2478220455499	2.17844793022475	0.47132458571588	3.80113636030019e-06		glm_converged
GSE162694	primary	548nash28	0	142	20	122	OR_per_1SD_score	8.80621014264815	3.50117147458436	22.1495398438562	2.17545717062459	0.470591607707664	3.78570316228214e-06		glm_converged
GSE162694	primary	548nash29	0	142	20	122	OR_per_1SD_score	8.797520283793	3.50204123019449	22.10035749335	2.17446989584243	0.469961167714349	3.71154579452652e-06		glm_converged
GSE162694	primary	548nash3	1	142	19	123	OR_per_1SD_score	8.78570411947177	3.46565415866715	22.2724465111052	2.1731258686232	0.474604318071357	4.67615202456505e-06		glm_converged
GSE162694	primary	548nash30	0	142	20	122	OR_per_1SD_score	8.80144748971942	3.50103082194953	22.1264769874697	2.1749161954257	0.470336096804074	3.76093121045752e-06		glm_converged
GSE162694	primary	548nash31	0	142	20	122	OR_per_1SD_score	8.7977084031115	3.50362166340153	22.0913330781938	2.17449127883459	0.469741879777275	3.67223881433328e-06		glm_converged
GSE162694	primary	548nash32	0	142	20	122	OR_per_1SD_score	8.85279979870031	3.51385845651114	22.3037055265119	2.18073377042317	0.471438296605527	3.73329079005497e-06		glm_converged
GSE162694	primary	548nash33	0	142	20	122	OR_per_1SD_score	8.80989169738364	3.50157203892564	22.1655276135467	2.17587514672652	0.470746492393801	3.79727813419905e-06		glm_converged
GSE162694	primary	548nash34	0	142	20	122	OR_per_1SD_score	8.7976979155784	3.50360832926365	22.091364484808	2.17449008675833	0.469743213321434	3.6725168415029e-06		glm_converged
GSE162694	primary	548nash35	0	142	20	122	OR_per_1SD_score	9.86406984274217	3.68163126049205	26.4284679746802	2.28889884640694	0.502828017926962	5.31254202177088e-06		glm_converged
GSE162694	primary	548nash36	0	142	20	122	OR_per_1SD_score	8.80943860711518	3.50151330346832	22.1636195115012	2.17582371568337	0.470728810313521	3.79609978020167e-06		glm_converged
GSE162694	primary	548nash37	1	142	19	123	OR_per_1SD_score	8.42115448608241	3.31931709077485	21.3645882388149	2.13074693121653	0.474993808671481	7.26267239337129e-06		glm_converged
GSE162694	primary	548nash38	0	142	20	122	OR_per_1SD_score	8.85224457507157	3.51362037206342	22.302419077467	2.1806710511645	0.471440867463443	3.73614278005444e-06		glm_converged
GSE162694	primary	548nash39	0	142	20	122	OR_per_1SD_score	8.82886380267643	3.50555947570102	22.2357762253121	2.17802633166799	0.471263368240347	3.80653235270563e-06		glm_converged
GSE162694	primary	548nash40	0	142	20	122	OR_per_1SD_score	8.85455636021127	3.51463028087421	22.307657440616	2.1809321694954	0.471427465824232	3.72380677561785e-06		glm_converged
GSE162694	primary	548nash41	1	142	19	123	OR_per_1SD_score	9.74782814037287	3.67186228436575	25.8779186405838	2.27704450536266	0.4981354783497	4.85089700875716e-06		glm_converged
GSE162694	primary	548nash44	0	142	20	122	OR_per_1SD_score	8.81568704245726	3.50250442959227	22.1887907903648	2.17653275296663	0.470946167879575	3.80760734902688e-06		glm_converged
GSE162694	primary	548nash45	0	142	20	122	OR_per_1SD_score	8.82283175638872	3.50402126054946	22.2151506550319	2.17734287930475	0.471138591194187	3.810693775953e-06		glm_converged
GSE162694	primary	548nash46	0	142	20	122	OR_per_1SD_score	8.83954536646646	3.5196281911344	22.2005160893527	2.17923544619428	0.469836780449942	3.51317356775723e-06		glm_converged
GSE162694	primary	548nash47	0	142	20	122	OR_per_1SD_score	8.80033389686751	3.50111098354073	22.1203718078177	2.1747896635902	0.470259857956303	3.75222177871675e-06		glm_converged
GSE162694	primary	548nash48	0	142	20	122	OR_per_1SD_score	8.84075361135818	3.50922249087322	22.2724334578438	2.17937212316961	0.471417154490355	3.78188640561645e-06		glm_converged
GSE162694	primary	548nash49	0	142	20	122	OR_per_1SD_score	8.83331713939151	3.50683389421991	22.2501247674364	2.17853061104595	0.471335206671329	3.79983039294425e-06		glm_converged
GSE162694	primary	548nash5	0	142	20	122	OR_per_1SD_score	8.83384862169501	3.50699372937039	22.2517881390774	2.17859077715419	0.471342650015376	3.79882908920158e-06		glm_converged
GSE162694	primary	548nash51	0	142	20	122	OR_per_1SD_score	8.80537733195361	3.50110907172668	22.145745353727	2.17536259531202	0.470552448661006	3.78235052374981e-06		glm_converged
GSE162694	primary	548nash52	0	142	20	122	OR_per_1SD_score	8.79764835282633	3.50354335180865	22.0915252839763	2.17448445313779	0.469749801290155	3.67388097571576e-06		glm_converged
GSE162694	primary	548nash53	0	142	20	122	OR_per_1SD_score	8.80045263666355	3.50109900689209	22.1210444085409	2.17480315614587	0.470268487229405	3.75323867423706e-06		glm_converged
GSE162694	primary	548nash54	0	142	20	122	OR_per_1SD_score	8.83171841697003	3.50636304836649	22.2450582329132	2.17834960688995	0.471311364878817	3.80258387401399e-06		glm_converged
GSE162694	primary	548nash55	0	142	20	122	OR_per_1SD_score	8.82439772365282	3.50439922161863	22.2206404752145	2.17752035387888	0.471174109277691	3.81017406554804e-06		glm_converged
GSE162694	primary	548nash56	0	142	20	122	OR_per_1SD_score	8.7990533804781	3.50131675147818	22.1126352992247	2.17464414529783	0.470155629002767	3.73928731551823e-06		glm_converged
GSE162694	primary	548nash57	0	142	20	122	OR_per_1SD_score	8.81780309880406	3.50291597088932	22.1968360461523	2.17677275722444	0.471008674006736	3.80951272547886e-06		glm_converged
GSE162694	primary	548nash58	0	142	20	122	OR_per_1SD_score	8.81155488988525	3.50180692668585	22.1724101879436	2.17606391584922	0.470808579492487	3.80109935026311e-06		glm_converged
GSE162694	primary	548nash59	0	142	20	122	OR_per_1SD_score	8.84839504209654	3.51204026307582	22.293051604263	2.18023609139819	0.471448444521278	3.75415644898053e-06		glm_converged
GSE162694	primary	548nash6	0	142	20	122	OR_per_1SD_score	8.80256904706727	3.50692643915352	22.0949093665876	2.17504361604553	0.46954266354149	3.61695823077724e-06		glm_converged
GSE162694	primary	548nash60	0	142	20	122	OR_per_1SD_score	8.80573073983363	3.50113405216279	22.1473650272119	2.17540272996779	0.470569285229722	3.78381220928846e-06		glm_converged
GSE162694	primary	548nash61	0	142	20	122	OR_per_1SD_score	8.85998072694015	3.52498945863728	22.2693597818865	2.1815445893257	0.470238338532372	3.49706873709189e-06		glm_converged
GSE162694	primary	548nash62	0	142	20	122	OR_per_1SD_score	8.82919541805707	3.50565037163581	22.2368700429943	2.17806389133143	0.471269302382604	3.80613772306239e-06		glm_converged
GSE162694	primary	548nash63	0	142	20	122	OR_per_1SD_score	8.80986796799961	3.50156890444844	22.1654280499761	2.17587245322961	0.470745574876631	3.79721794630388e-06		glm_converged
GSE162694	primary	548nash64	0	142	20	122	OR_per_1SD_score	8.85462262201413	3.51465997313089	22.3078028536687	2.18093965282401	0.471426973567338	3.72343473100717e-06		glm_converged
GSE162694	primary	548nash65	0	142	20	122	OR_per_1SD_score	8.84664425112779	3.51135931143882	22.2885519721829	2.18003820644915	0.471446416185798	3.76140454330938e-06		glm_converged
GSE162694	primary	548nash66	0	142	20	122	OR_per_1SD_score	8.82378838964877	3.50425032792073	22.2185158762612	2.17745130043617	0.471160555763847	3.81042422688963e-06		glm_converged
GSE162694	primary	548nash67	0	142	20	122	OR_per_1SD_score	8.81751562254348	3.50285808781551	22.1957555243937	2.17674015489213	0.4710004709753	3.80930574410675e-06		glm_converged
GSE162694	primary	548nash68	0	142	20	122	OR_per_1SD_score	8.89746190221267	3.53368740507562	22.4028951139304	2.18576605654001	0.47113476537093	3.49481642453828e-06		glm_converged
GSE162694	primary	548nash69	0	142	20	122	OR_per_1SD_score	8.80936175167252	3.50992708681522	22.1101044415844	2.1758149914296	0.469499860793218	3.58103840866095e-06		glm_converged
GSE162694	primary	548nash7	0	142	20	122	OR_per_1SD_score	8.84578233492594	3.51103212961237	22.2862856927278	2.1799407730984	0.471444247359908	3.76476984643426e-06		glm_converged
GSE162694	primary	548nash70	0	142	20	122	OR_per_1SD_score	8.81483691192715	3.5023489109878	22.1854965791968	2.17643631447927	0.470919619212963	3.80658382553703e-06		glm_converged
GSE162694	primary	548nash71	0	142	20	122	OR_per_1SD_score	8.85577777585732	3.5151847482495	22.3102925257122	2.18107010203112	0.471417356220683	3.71677240960631e-06		glm_converged
GSE162694	primary	548nash72	0	142	20	122	OR_per_1SD_score	8.8518402346353	3.5134486848164	22.3014714511485	2.1806253735211	0.471442493430885	3.73817754723027e-06		glm_converged
GSE162694	primary	548nash73	0	142	20	122	OR_per_1SD_score	8.84065542020452	3.5091887726129	22.2721527176769	2.1793610164582	0.471416390105215	3.78217940860868e-06		glm_converged
GSE162694	primary	548nash75	0	142	20	122	OR_per_1SD_score	8.85086085680208	3.52266895156144	22.2381776385055	2.18051472624427	0.470048877074547	3.50250482176367e-06		glm_converged
GSE162694	primary	548nash76	0	142	20	122	OR_per_1SD_score	8.85593570382976	3.51525757455186	22.3106260429195	2.18108793519816	0.471415884664619	3.71583489952614e-06		glm_converged
GSE162694	primary	548nash77	0	142	20	122	OR_per_1SD_score	8.80713803499244	3.50125459212431	22.1536818664618	2.17556253302767	0.470633251974108	3.78908531284823e-06		glm_converged
GSE162694	primary	548nash78	0	142	20	122	OR_per_1SD_score	8.81701270890055	3.50275829331809	22.1938559840715	2.17668311751256	0.470985905911736	3.80890508680303e-06		glm_converged
GSE162694	primary	548nash79	0	142	20	122	OR_per_1SD_score	8.85010053483487	3.5127256569305	22.2972947865009	2.18042881882366	0.471447215439476	3.74654191951162e-06		glm_converged
GSE162694	primary	548nash80	0	142	20	122	OR_per_1SD_score	8.9603998776762	3.54644002999151	22.6392566316853	2.19281485519592	0.472893144546168	3.53468633701301e-06		glm_converged
GSE162694	primary	548nash81	0	142	20	122	OR_per_1SD_score	8.83445925626608	3.50717940892138	22.2536862961991	2.17865989917487	0.471350904055231	3.79762570955173e-06		glm_converged
GSE162694	primary	548nash82	0	142	20	122	OR_per_1SD_score	8.83265241610596	3.50663631188573	22.2480296685768	2.17845535638373	0.471325558207191	3.80102237530475e-06		glm_converged
GSE162694	primary	548nash83	0	142	20	122	OR_per_1SD_score	8.80615543569895	3.50860043640574	22.1023667309156	2.17545095829054	0.469507008365241	3.59570899354338e-06		glm_converged
GSE162694	primary	548nash84	0	142	20	122	OR_per_1SD_score	8.84854826320414	3.51210092957317	22.2934385817234	2.1802534075081	0.471448466152666	3.75349515375089e-06		glm_converged
GSE162694	primary	548nash85	0	142	20	122	OR_per_1SD_score	8.81105584239523	3.50173339643004	22.170364293568	2.17600727866898	0.470790396249788	3.80003262298825e-06		glm_converged
GSE162694	primary	548nash86	1	142	19	123	OR_per_1SD_score	8.81887549070634	3.49007397025522	22.2839302500209	2.1768943665057	0.472944610000224	4.16743018958008e-06		glm_converged
GSE162694	primary	548nash87	0	142	20	122	OR_per_1SD_score	8.80105068810463	3.50105175869243	22.124349639297	2.17487111073251	0.470310043313988	3.75802412244705e-06		glm_converged
GSE162694	primary	548nash88	0	142	20	122	OR_per_1SD_score	8.85912618492442	3.51679097002657	22.3169694842058	2.18144813502689	0.471377151770727	3.69536776093531e-06		glm_converged
GSE162694	primary	548nash89	0	142	20	122	OR_per_1SD_score	8.83638339932213	3.50777882674784	22.259576625647	2.17887767521432	0.471374821907904	3.79346256219488e-06		glm_converged
GSE162694	primary	548nash9	0	142	20	122	OR_per_1SD_score	8.79796695483168	3.50170213568542	22.1047420765727	2.17452066693308	0.470036475598767	3.72290694942215e-06		glm_converged
GSE162694	primary	548nash90	0	142	20	122	OR_per_1SD_score	8.79794871849348	3.50389801269946	22.0907975553797	2.1745185941409	0.469715575232197	3.66661516075389e-06		glm_converged
GSE162694	primary	548nash91	0	142	20	122	OR_per_1SD_score	8.83420068182725	3.50710051593471	22.2528842079672	2.17863062989924	0.471347447773713	3.79814219821341e-06		glm_converged
GSE162694	primary	548nash92	1	142	19	123	OR_per_1SD_score	11.5709000463577	4.00751728453196	33.4086463955045	2.44849332956787	0.540980311749779	6.01019417789385e-06		glm_converged
GSE162694	primary	548nash93	0	142	20	122	OR_per_1SD_score	8.85076892625846	3.5130004996661	22.2989181451776	2.1805043395686	0.471445828597693	3.74340177835905e-06		glm_converged
GSE162694	primary	548nash95	0	142	20	122	OR_per_1SD_score	8.81551953566436	3.50247332680005	22.1881446145604	2.1765137517948	0.470941004117049	3.80741776006134e-06		glm_converged
GSE162694	primary	548nash96	0	142	20	122	OR_per_1SD_score	8.88680455061861	3.53132583611464	22.3642050567015	2.18456754178563	0.470864362443744	3.49280655510993e-06		glm_converged
GSE162694	primary	548nash98	0	142	20	122	OR_per_1SD_score	8.84664605854699	3.51136000301843	22.2885566896953	2.18003841075475	0.471446419936141	3.76139734783925e-06		glm_converged
GSE162694	primary	548nash99	0	142	20	122	OR_per_1SD_score	8.82431461753956	3.50437877846192	22.2203515635656	2.17751093606848	0.471172280592083	3.81021174974167e-06		glm_converged
GSE162694	ecm_excluded	548nash1	0	142	20	122	OR_per_1SD_score	8.1392829627954	3.31435761718052	19.9881650685624	2.09670208802579	0.458386869288377	4.7829774563869e-06		glm_converged
GSE162694	ecm_excluded	548nash10	0	142	20	122	OR_per_1SD_score	8.12797377250703	3.31522536581468	19.9274409298951	2.09531166402322	0.457543907674324	4.66140712007661e-06		glm_converged
GSE162694	ecm_excluded	548nash100	0	142	20	122	OR_per_1SD_score	8.16146272681963	3.31992973934029	20.0635191317338	2.09942340864933	0.458918259588864	4.76852985274082e-06		glm_converged
GSE162694	ecm_excluded	548nash101	1	142	19	123	OR_per_1SD_score	8.44747638486099	3.37085247706102	21.1696767385683	2.13386774408432	0.468725546508644	5.30150145947305e-06		glm_converged
GSE162694	ecm_excluded	548nash102	0	142	20	122	OR_per_1SD_score	8.14332019881848	3.31506741470967	20.003715027404	2.09719798368397	0.458530624484987	4.79103662158631e-06		glm_converged
GSE162694	ecm_excluded	548nash103	0	142	20	122	OR_per_1SD_score	8.17007931682874	3.32308758449935	20.08680010561	2.10047861712696	0.458971566859776	4.72843131672982e-06		glm_converged
GSE162694	ecm_excluded	548nash104	0	142	20	122	OR_per_1SD_score	8.15640712083799	3.31833364971895	20.0483086221578	2.09880376819495	0.458847461225597	4.78323174400328e-06		glm_converged
GSE162694	ecm_excluded	548nash105	0	142	20	122	OR_per_1SD_score	8.17149559484093	3.32366535481377	20.0902717717338	2.10065195146265	0.458971303563613	4.71984746496209e-06		glm_converged
GSE162694	ecm_excluded	548nash106	0	142	20	122	OR_per_1SD_score	8.16155782474671	3.31996150807336	20.0637947050597	2.09943506065047	0.458919322317903	4.76819287299921e-06		glm_converged
GSE162694	ecm_excluded	548nash108	0	142	20	122	OR_per_1SD_score	8.16720796267977	3.32196993223791	20.079436980552	2.10012710783053	0.458963850909575	4.74402026708334e-06		glm_converged
GSE162694	ecm_excluded	548nash109	0	142	20	122	OR_per_1SD_score	8.17708096625218	3.32614187990083	20.1027663710597	2.10133523683709	0.458939897529962	4.67937401231999e-06		glm_converged
GSE162694	ecm_excluded	548nash11	0	142	20	122	OR_per_1SD_score	8.14903208342517	3.31633121838467	20.024153054603	2.09789915743	0.458693898075585	4.79331136020631e-06		glm_converged
GSE162694	ecm_excluded	548nash110	0	142	20	122	OR_per_1SD_score	8.13818272432362	3.31419680818889	19.9837311685398	2.0965669025498	0.458342652249013	4.77963629118308e-06		glm_converged
GSE162694	ecm_excluded	548nash111	0	142	20	122	OR_per_1SD_score	8.13114652594975	3.31371238869036	19.9521069034584	2.09570193771882	0.457975923079954	4.73930204730027e-06		glm_converged
GSE162694	ecm_excluded	548nash1119	1	142	19	123	OR_per_1SD_score	7.99745154760905	3.21810913287127	19.8747862846057	2.07912293438105	0.464453557717203	7.58792814652252e-06		glm_converged
GSE162694	ecm_excluded	548nash112	0	142	20	122	OR_per_1SD_score	8.16665479153445	3.32176244636936	20.0779711255356	2.10005937478369	0.458961160903079	4.7467578316204e-06		glm_converged
GSE162694	ecm_excluded	548nash1120	1	142	19	123	OR_per_1SD_score	8.09193505989753	3.26663955993736	20.0448846014877	2.09086789405055	0.462809232170878	6.24928918166458e-06		glm_converged
GSE162694	ecm_excluded	548nash1121	1	142	19	123	OR_per_1SD_score	8.09307883198742	3.26729379858926	20.0465366809202	2.09100923122819	0.462779170145632	6.23164275713788e-06		glm_converged
GSE162694	ecm_excluded	548nash1122	1	142	19	123	OR_per_1SD_score	7.55287063175803	3.12165562994727	18.2742305822621	2.02192770712399	0.450798058889657	7.2839318564312e-06		glm_converged
GSE162694	ecm_excluded	548nash1123	1	142	19	123	OR_per_1SD_score	8.13169698995822	3.29062775556624	20.094796752578	2.09576963363044	0.461577183618131	5.6133419018037e-06		glm_converged
GSE162694	ecm_excluded	548nash1124	1	142	19	123	OR_per_1SD_score	7.55509815485089	3.119821934514	18.2957583245286	2.02222258767881	0.451248295794519	7.41561520439949e-06		glm_converged
GSE162694	ecm_excluded	548nash1125	1	142	19	123	OR_per_1SD_score	7.86704104833075	3.16554914769507	19.551215908679	2.06268201312055	0.464467074588852	8.95563694055711e-06		glm_converged
GSE162694	ecm_excluded	548nash1126	0	142	20	122	OR_per_1SD_score	10.4552303246251	3.69284596665101	29.6009750008865	2.34710236273121	0.530971906773194	9.85233952280428e-06		glm_converged
GSE162694	ecm_excluded	548nash1127	0	142	20	122	OR_per_1SD_score	8.12796351325287	3.31475466336304	19.9302203577696	2.09531040180696	0.457615708644464	4.67750764783806e-06		glm_converged
GSE162694	ecm_excluded	548nash1128	1	142	19	123	OR_per_1SD_score	9.33554396408758	3.54502015283298	24.584452936259	2.23382904675688	0.494023062208031	6.13420466286012e-06		glm_converged
GSE162694	ecm_excluded	548nash1129	0	142	20	122	OR_per_1SD_score	8.14607985657509	3.32384880871273	19.9643909361202	2.09753681234231	0.457353786289303	4.51287591729852e-06		glm_converged
GSE162694	ecm_excluded	548nash113	0	142	20	122	OR_per_1SD_score	8.17155382124322	3.32368950382087	20.0904121088061	2.10065907698749	0.458971232020499	4.71948126004116e-06		glm_converged
GSE162694	ecm_excluded	548nash1130	0	142	20	122	OR_per_1SD_score	8.12808397179907	3.31453647517525	19.9321231030121	2.09532522195883	0.457656854383048	4.68599505550432e-06		glm_converged
GSE162694	ecm_excluded	548nash1131	1	142	19	123	OR_per_1SD_score	7.57286003791887	3.11366622585965	18.4182262946554	2.02457080823884	0.45345404366731	8.01525007945899e-06		glm_converged
GSE162694	ecm_excluded	548nash1132	0	142	20	122	OR_per_1SD_score	8.13085227446647	3.31372803361458	19.9505686762965	2.09566574887304	0.457955050578618	4.73636989983077e-06		glm_converged
GSE162694	ecm_excluded	548nash1133	0	142	20	122	OR_per_1SD_score	8.13205036596979	3.31369351800586	19.956656460633	2.09581308929953	0.458035538550896	4.74729915849189e-06		glm_converged
GSE162694	ecm_excluded	548nash1134	0	142	20	122	OR_per_1SD_score	8.16473048531679	3.32105943108927	20.0727584920083	2.09982371734326	0.458948918147189	4.75564136160417e-06		glm_converged
GSE162694	ecm_excluded	548nash1135	0	142	20	122	OR_per_1SD_score	8.146553128014	3.32400551496315	19.9657694816702	2.09759490871501	0.457359373769724	4.51134233854924e-06		glm_converged
GSE162694	ecm_excluded	548nash1136	0	142	20	122	OR_per_1SD_score	8.1751196140272	3.33214427944598	20.056928841858	2.10109534836156	0.457897614204172	4.46292224309075e-06		glm_converged
GSE162694	ecm_excluded	548nash1137	1	142	19	123	OR_per_1SD_score	7.74174979834905	3.2122956958864	18.6578994010385	2.0466277341893	0.448796878878342	5.10917987730564e-06		glm_converged
GSE162694	ecm_excluded	548nash1138	1	142	19	123	OR_per_1SD_score	7.78771732477483	3.22487726321143	18.8064649226999	2.05254779059735	0.449822907649376	5.04246829321692e-06		glm_converged
GSE162694	ecm_excluded	548nash1139	0	142	20	122	OR_per_1SD_score	8.12948768217178	3.31389414946211	19.942872944602	2.09549790585112	0.457843840700322	4.71954181465361e-06		glm_converged
GSE162694	ecm_excluded	548nash114	0	142	20	122	OR_per_1SD_score	8.15366306599771	3.31754287919624	20.039596718015	2.09846728222834	0.458797382619537	4.78858296353283e-06		glm_converged
GSE162694	ecm_excluded	548nash115	0	142	20	122	OR_per_1SD_score	8.12794382730605	3.31482740466017	19.9296864648117	2.09530797980167	0.457603276774744	4.6748454474215e-06		glm_converged
GSE162694	ecm_excluded	548nash116	1	142	19	123	OR_per_1SD_score	9.48347076007436	3.57343285148895	25.1680166928872	2.24955036319547	0.497971248152357	6.25946468978643e-06		glm_converged
GSE162694	ecm_excluded	548nash117	0	142	20	122	OR_per_1SD_score	8.1328952375841	3.31370715754206	19.9607212710312	2.09591697794885	0.458086442910607	4.75369119874959e-06		glm_converged
GSE162694	ecm_excluded	548nash12	0	142	20	122	OR_per_1SD_score	8.12887722445151	3.3140548677086	19.9389109619342	2.09542281124916	0.457780783695151	4.7090351062977e-06		glm_converged
GSE162694	ecm_excluded	548nash13	0	142	20	122	OR_per_1SD_score	8.1523251759784	3.31717674349419	20.0352320403899	2.09830318422919	0.458769970175143	4.79051319782768e-06		glm_converged
GSE162694	ecm_excluded	548nash14	0	142	20	122	OR_per_1SD_score	8.15667930242584	3.31841498110083	20.0491552809201	2.09883713791799	0.458851981795738	4.78259993557043e-06		glm_converged
GSE162694	ecm_excluded	548nash143	0	142	20	122	OR_per_1SD_score	8.46404845728623	3.38379763963419	21.1715131685694	2.13582760020426	0.467769877250407	4.97167710007226e-06		glm_converged
GSE162694	ecm_excluded	548nash144	1	142	19	123	OR_per_1SD_score	8.15657697936914	3.30733220407711	20.1158347317999	2.09882459314398	0.460552402741524	5.18426373169076e-06		glm_converged
GSE162694	ecm_excluded	548nash145	0	142	20	122	OR_per_1SD_score	8.12963793677355	3.31692682835341	19.9253756272449	2.09551638834585	0.457386575617447	4.61653608239944e-06		glm_converged
GSE162694	ecm_excluded	548nash146	0	142	20	122	OR_per_1SD_score	8.12914791162035	3.31657107555107	19.925110683184	2.09545611014821	0.457410545664823	4.62475377449828e-06		glm_converged
GSE162694	ecm_excluded	548nash148	0	142	20	122	OR_per_1SD_score	8.19110225476386	3.33604090027055	20.1119105411916	2.10304847425042	0.458297821202108	4.4574802523852e-06		glm_converged
GSE162694	ecm_excluded	548nash149	0	142	20	122	OR_per_1SD_score	8.37970087469535	3.37092882823593	20.830871942828	2.12581221871315	0.464604028386206	4.75003440276859e-06		glm_converged
GSE162694	ecm_excluded	548nash15	0	142	20	122	OR_per_1SD_score	8.16375496375326	3.32071388506024	20.0700504214011	2.09970423025822	0.458941043277531	4.75977399934537e-06		glm_converged
GSE162694	ecm_excluded	548nash150	0	142	20	122	OR_per_1SD_score	8.13030291978421	3.31735698732179	19.9260513173826	2.09559818237165	0.457362145227447	4.60719307825474e-06		glm_converged
GSE162694	ecm_excluded	548nash151	0	142	20	122	OR_per_1SD_score	8.18618508358496	3.33487549208497	20.0947910594443	2.10244798758556	0.458169715623749	4.45806895488777e-06		glm_converged
GSE162694	ecm_excluded	548nash153	1	142	19	123	OR_per_1SD_score	8.11609406942629	3.30195797378142	19.9490676340562	2.09384901251078	0.458843568672422	5.03515141015952e-06		glm_converged
GSE162694	ecm_excluded	548nash154	0	142	20	122	OR_per_1SD_score	8.51064600451508	3.39058760173549	21.362402014652	2.14131785092804	0.469548270770905	5.10614935409314e-06		glm_converged
GSE162694	ecm_excluded	548nash155	0	142	20	122	OR_per_1SD_score	8.13301815680404	3.31881017861884	19.9306319972875	2.09593209166758	0.457309057605461	4.57946163947097e-06		glm_converged
GSE162694	ecm_excluded	548nash156	0	142	20	122	OR_per_1SD_score	8.36687570458751	3.36888455017423	20.7797590013574	2.12428054176957	0.464132064392599	4.71943643583272e-06		glm_converged
GSE162694	ecm_excluded	548nash157	0	142	20	122	OR_per_1SD_score	8.14992757066273	3.32509265340686	19.9757800249548	2.09800904017803	0.457403826924584	4.50142513932086e-06		glm_converged
GSE162694	ecm_excluded	548nash158	0	142	20	122	OR_per_1SD_score	8.16123919396573	3.32844378901083	20.0111011040739	2.09939601945175	0.457597528224372	4.47800476776889e-06		glm_converged
GSE162694	ecm_excluded	548nash159	0	142	20	122	OR_per_1SD_score	8.12793880390475	3.31507969380058	19.9281451132422	2.09530736176063	0.457564131657962	4.6661296474261e-06		glm_converged
GSE162694	ecm_excluded	548nash16	0	142	20	122	OR_per_1SD_score	8.130709884232	3.31760004376622	19.9265861916556	2.09564823638155	0.457350302673152	4.60216941646829e-06		glm_converged
GSE162694	ecm_excluded	548nash160	0	142	20	122	OR_per_1SD_score	8.14801266565968	3.32448195428921	19.9700618961384	2.09777405281348	0.457377650033439	4.50684333168855e-06		glm_converged
GSE162694	ecm_excluded	548nash17	0	142	20	122	OR_per_1SD_score	8.13000006844299	3.31380934761795	19.9458973583967	2.09556093197829	0.45788905306829	4.72663431577711e-06		glm_converged
GSE162694	ecm_excluded	548nash19	0	142	20	122	OR_per_1SD_score	8.12910139386873	3.31398574718127	19.9404265778768	2.09545038779142	0.45780549468699	4.7132412831423e-06		glm_converged
GSE162694	ecm_excluded	548nash2	0	142	20	122	OR_per_1SD_score	8.1550716101186	3.32666466719222	19.9915529876037	2.09864001716485	0.457484600282748	4.48916973041664e-06		glm_converged
GSE162694	ecm_excluded	548nash21	0	142	20	122	OR_per_1SD_score	8.13029925603858	3.31377373859454	19.947579770723	2.09559773174312	0.457913310960607	4.73029601124757e-06		glm_converged
GSE162694	ecm_excluded	548nash22	0	142	20	122	OR_per_1SD_score	8.16213428079636	3.32015548433983	20.065456672731	2.09950568879589	0.458925548128381	4.76610181595218e-06		glm_converged
GSE162694	ecm_excluded	548nash23	0	142	20	122	OR_per_1SD_score	8.44924136639947	3.38159923394004	21.1112183108987	2.13407665821437	0.46720811963351	4.93054106998571e-06		glm_converged
GSE162694	ecm_excluded	548nash24	0	142	20	122	OR_per_1SD_score	8.160742847269	3.31969136936408	20.0614202976374	2.0993352000371	0.458909889012634	4.77100774078256e-06		glm_converged
GSE162694	ecm_excluded	548nash25	0	142	20	122	OR_per_1SD_score	8.12932690736149	3.31392874172121	19.9418759778242	2.09547812890989	0.457828424659728	4.71704116194533e-06		glm_converged
GSE162694	ecm_excluded	548nash26	0	142	20	122	OR_per_1SD_score	8.16606323855236	3.32154325788162	20.0763872810633	2.09998693699578	0.458957870081207	4.74959361977839e-06		glm_converged
GSE162694	ecm_excluded	548nash27	0	142	20	122	OR_per_1SD_score	8.1562510784443	3.31828725731585	20.0478218116762	2.09878463674601	0.458844833307863	4.78358576991857e-06		glm_converged
GSE162694	ecm_excluded	548nash28	0	142	20	122	OR_per_1SD_score	8.13853599503689	3.31424671114353	19.9851652322097	2.09661031064935	0.458357116985255	4.78076971731077e-06		glm_converged
GSE162694	ecm_excluded	548nash29	0	142	20	122	OR_per_1SD_score	8.12865488990952	3.31414024815636	19.9373066230396	2.09539545967569	0.457753684522676	4.70428409682827e-06		glm_converged
GSE162694	ecm_excluded	548nash3	1	142	19	123	OR_per_1SD_score	8.11863655164858	3.28244177038761	20.0802524670472	2.09416222771618	0.462027877596136	5.82772073083124e-06		glm_converged
GSE162694	ecm_excluded	548nash30	0	142	20	122	OR_per_1SD_score	8.13135259455533	3.31370446985661	19.9531658958841	2.09572728051565	0.457990072322995	4.74125045709216e-06		glm_converged
GSE162694	ecm_excluded	548nash31	0	142	20	122	OR_per_1SD_score	8.12793781702078	3.31486039941951	19.929458618808	2.0953072403419	0.457597821112135	4.67366177648085e-06		glm_converged
GSE162694	ecm_excluded	548nash32	0	142	20	122	OR_per_1SD_score	8.17160593187133	3.32371114341734	20.0905375420617	2.10066545404418	0.458971163838088	4.71915261028495e-06		glm_converged
GSE162694	ecm_excluded	548nash33	0	142	20	122	OR_per_1SD_score	8.14260182059586	3.31492875394215	20.0010224442754	2.09710976292223	0.458506954866755	4.79003688629337e-06		glm_converged
GSE162694	ecm_excluded	548nash34	0	142	20	122	OR_per_1SD_score	8.12870094914748	3.31619731201095	19.9251651526738	2.09540112594005	0.457439993580742	4.63394361031615e-06		glm_converged
GSE162694	ecm_excluded	548nash35	0	142	20	122	OR_per_1SD_score	8.77936860293485	3.4277382294285	22.4863475292421	2.17240449195578	0.479848906435262	5.97512056339936e-06		glm_converged
GSE162694	ecm_excluded	548nash36	0	142	20	122	OR_per_1SD_score	8.12950547509269	3.31389059015644	19.9429816620597	2.0955000945378	0.457845505364907	4.71980929097935e-06		glm_converged
GSE162694	ecm_excluded	548nash37	1	142	19	123	OR_per_1SD_score	7.74810499524883	3.13099241835661	19.1738346811169	2.04744829672408	0.46229503870377	9.47246121329799e-06		glm_converged
GSE162694	ecm_excluded	548nash38	0	142	20	122	OR_per_1SD_score	8.1698789351842	3.32300729800025	20.0863000980269	2.10045409054721	0.458971380086145	4.72959664832067e-06		glm_converged
GSE162694	ecm_excluded	548nash39	0	142	20	122	OR_per_1SD_score	8.1481363425297	3.31611537647356	20.0210542514526	2.09778923147563	0.458671020886571	4.79357554999402e-06		glm_converged
GSE162694	ecm_excluded	548nash40	0	142	20	122	OR_per_1SD_score	8.17401704242531	3.32474148283722	20.0961653574467	2.1009604700953	0.45896354516978	4.70297156114362e-06		glm_converged
GSE162694	ecm_excluded	548nash41	1	142	19	123	OR_per_1SD_score	9.27051219539246	3.53248806714951	24.3291398955157	2.22683863106027	0.492263353830596	6.07754887757997e-06		glm_converged
GSE162694	ecm_excluded	548nash44	0	142	20	122	OR_per_1SD_score	8.1281164624944	3.31449794631861	19.9325141538409	2.09532921928839	0.457664824589012	4.68758550016582e-06		glm_converged
GSE162694	ecm_excluded	548nash45	0	142	20	122	OR_per_1SD_score	8.13809906495931	3.31418523953021	19.9833900655715	2.09655662263877	0.458339188336906	4.77935915948208e-06		glm_converged
GSE162694	ecm_excluded	548nash46	0	142	20	122	OR_per_1SD_score	8.27842805983625	3.35382632293342	20.4340846970103	2.11365310252792	0.460995521703457	4.54040003169016e-06		glm_converged
GSE162694	ecm_excluded	548nash47	0	142	20	122	OR_per_1SD_score	8.13324076780537	3.31891650685046	19.9310845122359	2.09595946255875	0.457306676659943	4.57762783770652e-06		glm_converged
GSE162694	ecm_excluded	548nash48	0	142	20	122	OR_per_1SD_score	8.15079149988142	3.31677296499819	20.0301325341318	2.09811503908713	0.458736085382716	4.79216728279807e-06		glm_converged
GSE162694	ecm_excluded	548nash49	0	142	20	122	OR_per_1SD_score	8.14360577062252	3.31512389670064	20.0047772010329	2.09723305129643	0.458539823360554	4.79138617073066e-06		glm_converged
GSE162694	ecm_excluded	548nash5	0	142	20	122	OR_per_1SD_score	8.15328549575685	3.31743825159871	20.0383727845676	2.09842097433211	0.458789847047408	4.7891731980391e-06		glm_converged
GSE162694	ecm_excluded	548nash51	0	142	20	122	OR_per_1SD_score	8.13296631768629	3.3137094430253	19.9610564118233	2.09592571773825	0.458090550096207	4.75418950568225e-06		glm_converged
GSE162694	ecm_excluded	548nash52	0	142	20	122	OR_per_1SD_score	8.13138154960123	3.31797718575362	19.92761318224	2.09573084142314	0.457334451827342	4.59470297519492e-06		glm_converged
GSE162694	ecm_excluded	548nash53	0	142	20	122	OR_per_1SD_score	8.12801929002223	3.31463121826152	19.9312361553222	2.0953172641136	0.457638210735068	4.68220843806921e-06		glm_converged
GSE162694	ecm_excluded	548nash54	0	142	20	122	OR_per_1SD_score	8.15239989318309	3.3171968518345	20.0354778407608	2.09831234932758	0.45877155345721	4.79041728408942e-06		glm_converged
GSE162694	ecm_excluded	548nash55	0	142	20	122	OR_per_1SD_score	8.13505916622751	3.31383901599729	19.9705499629124	2.09618301369034	0.458201873884172	4.7666975117954e-06		glm_converged
GSE162694	ecm_excluded	548nash56	0	142	20	122	OR_per_1SD_score	8.12916758288037	3.31658623969378	19.9251160122568	2.09545852998808	0.45740944750932	4.62439352692592e-06		glm_converged
GSE162694	ecm_excluded	548nash57	0	142	20	122	OR_per_1SD_score	8.13488759619938	3.31382445134794	19.9697953752138	2.09616192326754	0.458193355866564	4.76580926757497e-06		glm_converged
GSE162694	ecm_excluded	548nash58	0	142	20	122	OR_per_1SD_score	8.13443319382983	3.31378895985623	19.9677783306247	2.09610606323803	0.458170320232975	4.76334939776652e-06		glm_converged
GSE162694	ecm_excluded	548nash59	0	142	20	122	OR_per_1SD_score	8.16146094499584	3.31992914472235	20.063513964622	2.09942319032768	0.458918239580675	4.76853614511045e-06		glm_converged
GSE162694	ecm_excluded	548nash6	0	142	20	122	OR_per_1SD_score	8.14456408627307	3.32333899194823	19.9600234330963	2.09735072144109	0.457337103798141	4.51805530285524e-06		glm_converged
GSE162694	ecm_excluded	548nash60	0	142	20	122	OR_per_1SD_score	8.12920723429419	3.31395763161417	19.9411150063233	2.09546340764827	0.457816466016551	4.71507157086995e-06		glm_converged
GSE162694	ecm_excluded	548nash61	0	142	20	122	OR_per_1SD_score	8.19752067700032	3.3375239748245	20.1344906453837	2.1038317520879	0.458470686183325	4.45794452933583e-06		glm_converged
GSE162694	ecm_excluded	548nash62	0	142	20	122	OR_per_1SD_score	8.14533597720772	3.3154819416385	20.0111173426589	2.09744549070698	0.458593109970942	4.79294695380002e-06		glm_converged
GSE162694	ecm_excluded	548nash63	0	142	20	122	OR_per_1SD_score	8.13350331469535	3.31373172578796	19.9635582009675	2.09599174276045	0.45812080551878	4.75777999026138e-06		glm_converged
GSE162694	ecm_excluded	548nash64	0	142	20	122	OR_per_1SD_score	8.16983243199041	3.32298871627151	20.0861837537906	2.10044839850128	0.458971328969203	4.72986538293489e-06		glm_converged
GSE162694	ecm_excluded	548nash65	0	142	20	122	OR_per_1SD_score	8.16339002488516	3.32058645260949	20.069026254692	2.09965952692908	0.458937814922372	4.76125708286593e-06		glm_converged
GSE162694	ecm_excluded	548nash66	0	142	20	122	OR_per_1SD_score	8.13822337354429	3.31420246407114	19.9838966978334	2.09657189741419	0.458344329955073	4.77976972853076e-06		glm_converged
GSE162694	ecm_excluded	548nash67	0	142	20	122	OR_per_1SD_score	8.13859017795623	3.31425451299383	19.9853842923164	2.09661696820288	0.458359312659762	4.78093837370993e-06		glm_converged
GSE162694	ecm_excluded	548nash68	0	142	20	122	OR_per_1SD_score	8.23116521279109	3.34474711169989	20.2562640754711	2.10792758580839	0.459457396413067	4.47806353799134e-06		glm_converged
GSE162694	ecm_excluded	548nash69	0	142	20	122	OR_per_1SD_score	8.16694990203502	3.33001033816473	20.0296887784167	2.10009551016301	0.457714337561991	4.47034691320765e-06		glm_converged
GSE162694	ecm_excluded	548nash7	0	142	20	122	OR_per_1SD_score	8.16472941348132	3.32105904747663	20.0727555404406	2.09982358606696	0.458948910102715	4.75564603757079e-06		glm_converged
GSE162694	ecm_excluded	548nash70	0	142	20	122	OR_per_1SD_score	8.1336125863082	3.31373728419856	19.964061128084	2.09600517742379	0.458126804129863	4.75847503659001e-06		glm_converged
GSE162694	ecm_excluded	548nash71	0	142	20	122	OR_per_1SD_score	8.17123526430938	3.32355777275796	20.0896419770332	2.10062009258499	0.458971563841335	4.72147172488153e-06		glm_converged
GSE162694	ecm_excluded	548nash72	0	142	20	122	OR_per_1SD_score	8.16467057986187	3.3210380041854	20.072593446281	2.09981638021501	0.458948466473951	4.75590224489658e-06		glm_converged
GSE162694	ecm_excluded	548nash73	0	142	20	122	OR_per_1SD_score	8.15882277286364	3.31907370289529	20.0557128276275	2.09909989053696	0.458884771270289	4.77699026907194e-06		glm_converged
GSE162694	ecm_excluded	548nash75	0	142	20	122	OR_per_1SD_score	8.18345479507381	3.33421636497456	20.0853589126714	2.10211440803748	0.458100372092603	4.45878572066489e-06		glm_converged
GSE162694	ecm_excluded	548nash76	0	142	20	122	OR_per_1SD_score	8.171526848859	3.32367831324309	20.0903471240178	2.10065577621639	0.458971265769928	4.71965103132271e-06		glm_converged
GSE162694	ecm_excluded	548nash77	0	142	20	122	OR_per_1SD_score	8.1305327935409	3.313751566607	19.9488592243898	2.09562645567332	0.457931379741209	4.73296013659394e-06		glm_converged
GSE162694	ecm_excluded	548nash78	0	142	20	122	OR_per_1SD_score	8.13941465486814	3.31437790051012	19.9886895557943	2.09671826770746	0.458392001871554	4.78334108583401e-06		glm_converged
GSE162694	ecm_excluded	548nash79	0	142	20	122	OR_per_1SD_score	8.16399128241957	3.3207969354204	20.0707104214986	2.09973317713953	0.45894305215665	4.75879541315979e-06		glm_converged
GSE162694	ecm_excluded	548nash80	0	142	20	122	OR_per_1SD_score	8.35697841733043	3.36728722313246	20.7404606853698	2.12309692843016	0.463770146190751	4.69649798841071e-06		glm_converged
GSE162694	ecm_excluded	548nash81	0	142	20	122	OR_per_1SD_score	8.15755839892821	3.31868122675959	20.0518683431672	2.09894490838441	0.458866033277887	4.78043534844751e-06		glm_converged
GSE162694	ecm_excluded	548nash82	0	142	20	122	OR_per_1SD_score	8.14919602210227	3.31637139128264	20.0247161645436	2.09791927479196	0.4586979816361	4.79323947376457e-06		glm_converged
GSE162694	ecm_excluded	548nash83	0	142	20	122	OR_per_1SD_score	8.13899841757263	3.32133832955769	19.9447598131538	2.0966671279196	0.457295568829686	4.54143521450296e-06		glm_converged
GSE162694	ecm_excluded	548nash84	0	142	20	122	OR_per_1SD_score	8.16559316447409	3.32137103970094	20.0751168510549	2.09992937099429	0.458954953850316	4.7517802743577e-06		glm_converged
GSE162694	ecm_excluded	548nash85	0	142	20	122	OR_per_1SD_score	8.13277323474649	3.31370361934474	19.9601437200615	2.09590197667942	0.458079333970334	4.75282255259607e-06		glm_converged
GSE162694	ecm_excluded	548nash86	1	142	19	123	OR_per_1SD_score	8.03322682451972	3.28378837356109	19.6519159802618	2.08358629338207	0.456422727314644	4.99408047246077e-06		glm_converged
GSE162694	ecm_excluded	548nash87	0	142	20	122	OR_per_1SD_score	8.1315600703555	3.31369878766178	19.9542183568403	2.09575279572371	0.458003965162586	4.74313293785037e-06		glm_converged
GSE162694	ecm_excluded	548nash88	0	142	20	122	OR_per_1SD_score	8.17694958807131	3.32607949108345	20.1024974734081	2.10131917007233	0.458941270246106	4.68046349721544e-06		glm_converged
GSE162694	ecm_excluded	548nash89	0	142	20	122	OR_per_1SD_score	8.16265753766467	3.32033365604136	20.0669525955509	2.09956979458962	0.45893087648125	4.76413151287702e-06		glm_converged
GSE162694	ecm_excluded	548nash9	0	142	20	122	OR_per_1SD_score	8.12816031847044	3.31559342294585	19.926143448571	2.09533461486287	0.457498977448455	4.65027937335695e-06		glm_converged
GSE162694	ecm_excluded	548nash90	0	142	20	122	OR_per_1SD_score	8.12795679557795	3.31516702412945	19.9277083748533	2.09530957531732	0.457551820712227	4.66327415809409e-06		glm_converged
GSE162694	ecm_excluded	548nash91	0	142	20	122	OR_per_1SD_score	8.15955017544657	3.31930461575751	20.0578936773587	2.09918904189853	0.458894762241622	4.7748306522247e-06		glm_converged
GSE162694	ecm_excluded	548nash92	1	142	19	123	OR_per_1SD_score	10.7160401283894	3.80453603726683	30.1833166799879	2.37174169639254	0.528340636494313	7.15452159357794e-06		glm_converged
GSE162694	ecm_excluded	548nash93	0	142	20	122	OR_per_1SD_score	8.16734259670466	3.32202080389904	20.0797914972882	2.100143592401	0.458964448350729	4.74334131258954e-06		glm_converged
GSE162694	ecm_excluded	548nash95	0	142	20	122	OR_per_1SD_score	8.13772290293746	3.31413443455076	19.9818490627914	2.09651039922558	0.458323426223467	4.77807066004368e-06		glm_converged
GSE162694	ecm_excluded	548nash96	0	142	20	122	OR_per_1SD_score	8.19431169070656	3.33678760941748	20.1231699299472	2.10344021729633	0.458383503426296	4.4575472160576e-06		glm_converged
GSE162694	ecm_excluded	548nash98	0	142	20	122	OR_per_1SD_score	8.16512572736772	3.32120148710759	20.0738432770558	2.09987212463428	0.458951792584953	4.75389663317854e-06		glm_converged
GSE162694	ecm_excluded	548nash99	0	142	20	122	OR_per_1SD_score	8.14875364899152	3.31626346077381	20.0231938196063	2.09786498905421	0.458686889570378	4.7934168520197e-06		glm_converged
