stringId_A	stringId_B	preferredName_A	preferredName_B	ncbiTaxonId	score	nscore	fscore	pscore	ascore	escore	dscore	tscore
9606.ENSP00000052754	9606.ENSP00000369071	DCN	POSTN	9606	0.758	0	0	0	0.405	0.045	0	0.608
9606.ENSP00000052754	9606.ENSP00000355180	DCN	COL6A1	9606	0.824	0	0	0	0.522	0.328	0	0.495
9606.ENSP00000052754	9606.ENSP00000260356	DCN	THBS1	9606	0.854	0	0	0	0.174	0.099	0	0.819
9606.ENSP00000052754	9606.ENSP00000308208	DCN	MMP14	9606	0.859	0	0	0	0.085	0	0.75	0.435
9606.ENSP00000052754	9606.ENSP00000219070	DCN	MMP2	9606	0.866	0	0	0	0.357	0	0.4	0.681
9606.ENSP00000052754	9606.ENSP00000231061	DCN	SPARC	9606	0.905	0	0	0	0.734	0	0	0.659
9606.ENSP00000052754	9606.ENSP00000225964	DCN	COL1A1	9606	0.923	0	0	0	0.479	0.091	0	0.851
9606.ENSP00000052754	9606.ENSP00000297268	DCN	COL1A2	9606	0.93	0	0	0	0.769	0.091	0	0.695
9606.ENSP00000052754	9606.ENSP00000304408	DCN	COL3A1	9606	0.935	0	0	0	0.836	0.091	0	0.603
9606.ENSP00000052754	9606.ENSP00000356954	DCN	CCN2	9606	0.939	0	0	0	0.196	0	0	0.927
9606.ENSP00000052754	9606.ENSP00000266718	DCN	LUM	9606	0.978	0	0	0.173	0.862	0	0	0.824
9606.ENSP00000052754	9606.ENSP00000265077	DCN	VCAN	9606	0.981	0	0	0	0.101	0.099	0.4	0.966
9606.ENSP00000052754	9606.ENSP00000346839	DCN	FN1	9606	0.996	0	0	0	0.181	0.292	0	0.995
9606.ENSP00000052754	9606.ENSP00000221930	DCN	TGFB1	9606	0.999	0	0	0	0	0.625	0.9	0.993
9606.ENSP00000211998	9606.ENSP00000497733	VCL	CDC42	9606	0.739	0	0	0	0.044	0.062	0	0.732
9606.ENSP00000211998	9606.ENSP00000339191	VCL	CAV1	9606	0.744	0	0	0	0.152	0.139	0	0.678
9606.ENSP00000211998	9606.ENSP00000279022	VCL	MYL9	9606	0.749	0	0	0	0.253	0.054	0.5	0.374
9606.ENSP00000211998	9606.ENSP00000293379	VCL	ITGA5	9606	0.78	0	0	0	0.115	0.292	0	0.677
9606.ENSP00000211998	9606.ENSP00000353452	VCL	MYLK	9606	0.814	0	0	0	0.266	0	0.5	0.534
9606.ENSP00000211998	9606.ENSP00000432660	VCL	CFL1	9606	0.833	0	0	0	0.078	0	0	0.826
9606.ENSP00000211998	9606.ENSP00000400175	VCL	RHOA	9606	0.852	0	0	0	0.083	0.062	0	0.842
9606.ENSP00000211998	9606.ENSP00000384515	VCL	PARVB	9606	0.864	0	0	0	0.074	0	0	0.859
9606.ENSP00000211998	9606.ENSP00000452786	VCL	ITGB3	9606	0.874	0	0	0	0.203	0.096	0.4	0.744
9606.ENSP00000211998	9606.ENSP00000282588	VCL	ITGA1	9606	0.886	0	0	0	0.109	0	0.8	0.415
9606.ENSP00000211998	9606.ENSP00000342858	VCL	FERMT2	9606	0.896	0	0	0	0.072	0.565	0	0.763
9606.ENSP00000211998	9606.ENSP00000334008	VCL	PARVA	9606	0.948	0	0	0	0.062	0	0	0.946
9606.ENSP00000211998	9606.ENSP00000379350	VCL	ITGB1	9606	0.966	0	0	0	0.318	0.26	0	0.938
9606.ENSP00000211998	9606.ENSP00000225655	VCL	PFN1	9606	0.978	0	0	0	0.083	0.124	0.9	0.764
9606.ENSP00000211998	9606.ENSP00000494750	VCL	ACTB	9606	0.984	0	0	0	0.1	0.105	0.9	0.826
9606.ENSP00000211998	9606.ENSP00000346839	VCL	FN1	9606	0.992	0	0	0	0.074	0.071	0.4	0.987
9606.ENSP00000211998	9606.ENSP00000420213	VCL	FLNB	9606	0.995	0	0	0	0.295	0	0	0.993
9606.ENSP00000211998	9606.ENSP00000362680	VCL	SRC	9606	0.997	0	0	0	0.053	0	0.4	0.995
9606.ENSP00000211998	9606.ENSP00000341189	VCL	PTK2	9606	0.998	0	0	0	0.089	0.083	0	0.997
9606.ENSP00000211998	9606.ENSP00000358866	VCL	FLNA	9606	0.998	0	0	0	0.474	0	0.4	0.995
9606.ENSP00000211998	9606.ENSP00000324422	VCL	ZYX	9606	0.999	0	0	0	0.192	0.183	0	0.999
9606.ENSP00000211998	9606.ENSP00000245932	VCL	VASP	9606	0.999	0	0	0	0.063	0.601	0	0.998
9606.ENSP00000211998	9606.ENSP00000316029	VCL	TLN1	9606	0.999	0	0	0	0.255	0.991	0.9	0.999
9606.ENSP00000211998	9606.ENSP00000267257	VCL	PXN	9606	0.999	0	0	0	0.107	0.881	0.8	0.999
9606.ENSP00000216797	9606.ENSP00000225831	NFKBIA	CCL2	9606	0.754	0	0	0	0.176	0	0	0.714
9606.ENSP00000216797	9606.ENSP00000362680	NFKBIA	SRC	9606	0.797	0	0	0	0.088	0.261	0	0.724
9606.ENSP00000216797	9606.ENSP00000306245	NFKBIA	FOS	9606	0.808	0	0	0	0.156	0.053	0	0.779
9606.ENSP00000216797	9606.ENSP00000494750	NFKBIA	ACTB	9606	0.823	0	0	0	0.049	0.092	0	0.811
9606.ENSP00000216797	9606.ENSP00000306512	NFKBIA	CXCL8	9606	0.887	0	0	0	0.45	0	0	0.803
9606.ENSP00000216797	9606.ENSP00000360266	NFKBIA	JUN	9606	0.908	0	0	0	0.235	0.292	0	0.844
9606.ENSP00000216797	9606.ENSP00000385675	NFKBIA	IL6	9606	0.927	0	0	0	0.175	0	0	0.915
9606.ENSP00000216797	9606.ENSP00000226574	NFKBIA	NFKB1	9606	0.999	0	0	0	0.242	0.997	0.9	0.986
9606.ENSP00000216797	9606.ENSP00000384273	NFKBIA	RELA	9606	0.999	0	0.003	0	0.147	0.999	0.9	0.999
9606.ENSP00000218388	9606.ENSP00000360266	TIMP1	JUN	9606	0.701	0	0	0	0.062	0	0	0.695
9606.ENSP00000218388	9606.ENSP00000226574	TIMP1	NFKB1	9606	0.704	0	0	0	0.076	0	0	0.693
9606.ENSP00000218388	9606.ENSP00000379350	TIMP1	ITGB1	9606	0.753	0	0	0	0.085	0	0	0.741
9606.ENSP00000218388	9606.ENSP00000260356	TIMP1	THBS1	9606	0.762	0	0	0	0.143	0	0	0.734
9606.ENSP00000218388	9606.ENSP00000306512	TIMP1	CXCL8	9606	0.78	0	0	0	0.086	0	0	0.77
9606.ENSP00000218388	9606.ENSP00000356954	TIMP1	CCN2	9606	0.816	0	0	0	0.119	0	0	0.8
9606.ENSP00000218388	9606.ENSP00000223095	TIMP1	SERPINE1	9606	0.84	0	0	0	0.269	0	0	0.791
9606.ENSP00000218388	9606.ENSP00000225964	TIMP1	COL1A1	9606	0.842	0	0	0	0.175	0	0	0.817
9606.ENSP00000218388	9606.ENSP00000225831	TIMP1	CCL2	9606	0.867	0	0	0	0.357	0	0	0.802
9606.ENSP00000218388	9606.ENSP00000221930	TIMP1	TGFB1	9606	0.882	0	0	0	0.16	0.053	0.4	0.782
9606.ENSP00000218388	9606.ENSP00000385675	TIMP1	IL6	9606	0.938	0	0	0	0.152	0	0.4	0.888
9606.ENSP00000218388	9606.ENSP00000346839	TIMP1	FN1	9606	0.954	0	0	0	0.087	0.16	0.4	0.913
9606.ENSP00000218388	9606.ENSP00000219070	TIMP1	MMP2	9606	0.997	0	0	0	0.148	0.16	0.4	0.994
9606.ENSP00000218388	9606.ENSP00000308208	TIMP1	MMP14	9606	0.999	0	0	0	0.172	0.977	0	0.996
9606.ENSP00000219070	9606.ENSP00000231061	MMP2	SPARC	9606	0.701	0	0	0	0.357	0	0	0.554
9606.ENSP00000219070	9606.ENSP00000225831	MMP2	CCL2	9606	0.704	0	0	0	0.15	0	0	0.667
9606.ENSP00000219070	9606.ENSP00000341551	MMP2	SMAD4	9606	0.709	0	0	0	0	0.045	0	0.708
9606.ENSP00000219070	9606.ENSP00000231004	MMP2	LOX	9606	0.73	0	0	0	0.29	0.238	0	0.542
9606.ENSP00000219070	9606.ENSP00000223095	MMP2	SERPINE1	9606	0.755	0	0	0	0.181	0	0	0.714
9606.ENSP00000219070	9606.ENSP00000379350	MMP2	ITGB1	9606	0.755	0	0	0	0.115	0.297	0	0.637
9606.ENSP00000219070	9606.ENSP00000346839	MMP2	FN1	9606	0.756	0	0	0.104	0.255	0.24	0	0.577
9606.ENSP00000219070	9606.ENSP00000266718	MMP2	LUM	9606	0.78	0	0	0	0.446	0	0	0.62
9606.ENSP00000219070	9606.ENSP00000369071	MMP2	POSTN	9606	0.787	0	0	0	0.353	0.099	0	0.665
9606.ENSP00000219070	9606.ENSP00000360882	MMP2	COL5A1	9606	0.796	0	0	0	0.37	0.508	0	0.394
9606.ENSP00000219070	9606.ENSP00000304408	MMP2	COL3A1	9606	0.799	0	0	0	0.363	0.05	0	0.694
9606.ENSP00000219070	9606.ENSP00000306512	MMP2	CXCL8	9606	0.814	0	0	0	0.042	0	0	0.814
9606.ENSP00000219070	9606.ENSP00000225964	MMP2	COL1A1	9606	0.828	0	0	0	0.403	0.298	0	0.623
9606.ENSP00000219070	9606.ENSP00000261023	MMP2	ITGAV	9606	0.835	0	0	0	0.094	0.51	0	0.66
9606.ENSP00000219070	9606.ENSP00000356954	MMP2	CCN2	9606	0.839	0	0	0	0.175	0	0	0.813
9606.ENSP00000219070	9606.ENSP00000385675	MMP2	IL6	9606	0.847	0	0	0	0.116	0	0.4	0.734
9606.ENSP00000219070	9606.ENSP00000297268	MMP2	COL1A2	9606	0.853	0	0	0	0.452	0.098	0	0.726
9606.ENSP00000219070	9606.ENSP00000221930	MMP2	TGFB1	9606	0.962	0	0	0	0.07	0.6	0.4	0.85
9606.ENSP00000219070	9606.ENSP00000362680	MMP2	SRC	9606	0.972	0	0	0	0.042	0	0.9	0.74
9606.ENSP00000219070	9606.ENSP00000260356	MMP2	THBS1	9606	0.985	0	0	0	0.123	0.292	0.9	0.786
9606.ENSP00000219070	9606.ENSP00000308208	MMP2	MMP14	9606	0.997	0	0	0.084	0.381	0	0.9	0.961
9606.ENSP00000219070	9606.ENSP00000262768	MMP2	TIMP2	9606	0.999	0	0	0	0.154	0.985	0.5	0.999
9606.ENSP00000221930	9606.ENSP00000224784	TGFB1	ACTA2	9606	0.705	0	0	0	0	0	0	0.705
9606.ENSP00000221930	9606.ENSP00000226574	TGFB1	NFKB1	9606	0.711	0	0	0	0.126	0	0	0.683
9606.ENSP00000221930	9606.ENSP00000306245	TGFB1	FOS	9606	0.719	0	0	0	0	0	0	0.719
9606.ENSP00000221930	9606.ENSP00000360266	TGFB1	JUN	9606	0.722	0	0	0	0.103	0	0	0.703
9606.ENSP00000221930	9606.ENSP00000231061	TGFB1	SPARC	9606	0.722	0	0	0	0.047	0.091	0	0.705
9606.ENSP00000221930	9606.ENSP00000304408	TGFB1	COL3A1	9606	0.748	0	0	0	0.044	0.067	0	0.74
9606.ENSP00000221930	9606.ENSP00000266718	TGFB1	LUM	9606	0.752	0	0	0	0.086	0	0.5	0.5
9606.ENSP00000221930	9606.ENSP00000452786	TGFB1	ITGB3	9606	0.764	0	0	0	0.161	0	0.5	0.482
9606.ENSP00000221930	9606.ENSP00000494750	TGFB1	ACTB	9606	0.773	0	0	0	0.059	0	0	0.769
9606.ENSP00000221930	9606.ENSP00000306512	TGFB1	CXCL8	9606	0.775	0	0	0	0.085	0	0	0.765
9606.ENSP00000221930	9606.ENSP00000362680	TGFB1	SRC	9606	0.787	0	0	0	0.117	0.126	0	0.746
9606.ENSP00000221930	9606.ENSP00000262768	TGFB1	TIMP2	9606	0.79	0	0	0	0.089	0.053	0	0.776
9606.ENSP00000221930	9606.ENSP00000369071	TGFB1	POSTN	9606	0.791	0	0	0	0.094	0	0	0.778
9606.ENSP00000221930	9606.ENSP00000223095	TGFB1	SERPINE1	9606	0.798	0	0	0	0.131	0	0	0.777
9606.ENSP00000221930	9606.ENSP00000225964	TGFB1	COL1A1	9606	0.802	0	0	0	0.047	0.095	0	0.789
9606.ENSP00000221930	9606.ENSP00000297268	TGFB1	COL1A2	9606	0.804	0	0	0	0.042	0.067	0	0.798
9606.ENSP00000221930	9606.ENSP00000400175	TGFB1	RHOA	9606	0.834	0	0	0	0.056	0.161	0.5	0.63
9606.ENSP00000221930	9606.ENSP00000225831	TGFB1	CCL2	9606	0.851	0	0	0	0.086	0	0	0.843
9606.ENSP00000221930	9606.ENSP00000379350	TGFB1	ITGB1	9606	0.885	0	0	0	0.119	0	0.5	0.761
9606.ENSP00000221930	9606.ENSP00000341551	TGFB1	SMAD4	9606	0.959	0	0	0	0.042	0.095	0.5	0.917
9606.ENSP00000221930	9606.ENSP00000385675	TGFB1	IL6	9606	0.96	0	0	0	0.106	0	0.4	0.932
9606.ENSP00000221930	9606.ENSP00000356954	TGFB1	CCN2	9606	0.969	0	0	0	0.102	0	0	0.967
9606.ENSP00000221930	9606.ENSP00000346839	TGFB1	FN1	9606	0.969	0	0	0	0.049	0	0	0.969
9606.ENSP00000221930	9606.ENSP00000262160	TGFB1	SMAD2	9606	0.983	0	0	0	0.042	0.095	0.5	0.966
9606.ENSP00000221930	9606.ENSP00000260356	TGFB1	THBS1	9606	0.985	0	0	0	0.055	0.488	0	0.972
9606.ENSP00000221930	9606.ENSP00000332973	TGFB1	SMAD3	9606	0.99	0	0	0	0.067	0.178	0.5	0.978
9606.ENSP00000221930	9606.ENSP00000261023	TGFB1	ITGAV	9606	0.994	0	0	0	0.076	0.961	0.5	0.748
9606.ENSP00000221930	9606.ENSP00000447297	TGFB1	TGFBR1	9606	0.999	0	0	0	0.042	0.979	0.9	0.999
9606.ENSP00000221930	9606.ENSP00000351905	TGFB1	TGFBR2	9606	0.999	0	0	0	0.105	0.986	0.9	0.999
9606.ENSP00000222399	9606.ENSP00000341189	LAMB1	PTK2	9606	0.705	0	0	0	0.084	0	0.65	0.154
9606.ENSP00000222399	9606.ENSP00000225964	LAMB1	COL1A1	9606	0.734	0	0	0	0.201	0.07	0	0.671
9606.ENSP00000222399	9606.ENSP00000364000	LAMB1	COL5A2	9606	0.754	0	0	0	0.337	0.07	0	0.633
9606.ENSP00000222399	9606.ENSP00000295550	LAMB1	COL6A3	9606	0.76	0	0	0	0.224	0.07	0	0.694
9606.ENSP00000222399	9606.ENSP00000296585	LAMB1	ITGA2	9606	0.784	0	0	0	0.108	0	0.65	0.366
9606.ENSP00000222399	9606.ENSP00000261023	LAMB1	ITGAV	9606	0.787	0	0	0	0.141	0.045	0.65	0.346
9606.ENSP00000222399	9606.ENSP00000293379	LAMB1	ITGA5	9606	0.788	0	0	0	0.085	0.045	0.65	0.388
9606.ENSP00000222399	9606.ENSP00000452786	LAMB1	ITGB3	9606	0.838	0	0	0	0.044	0.053	0.65	0.549
9606.ENSP00000222399	9606.ENSP00000300527	LAMB1	COL6A2	9606	0.842	0	0	0	0.145	0.07	0	0.817
9606.ENSP00000222399	9606.ENSP00000355180	LAMB1	COL6A1	9606	0.843	0	0	0	0.204	0.046	0	0.81
9606.ENSP00000222399	9606.ENSP00000282588	LAMB1	ITGA1	9606	0.856	0	0	0	0.097	0	0.65	0.582
9606.ENSP00000222399	9606.ENSP00000400365	LAMB1	LAMA2	9606	0.965	0	0	0	0.319	0.163	0.8	0.732
9606.ENSP00000222399	9606.ENSP00000379350	LAMB1	ITGB1	9606	0.974	0	0	0	0.097	0.802	0.65	0.636
9606.ENSP00000223095	9606.ENSP00000306512	SERPINE1	CXCL8	9606	0.736	0	0	0	0.182	0	0	0.691
9606.ENSP00000223095	9606.ENSP00000346839	SERPINE1	FN1	9606	0.79	0	0	0	0.28	0	0	0.72
9606.ENSP00000223095	9606.ENSP00000260356	SERPINE1	THBS1	9606	0.819	0	0	0	0.307	0	0	0.75
9606.ENSP00000223095	9606.ENSP00000356954	SERPINE1	CCN2	9606	0.819	0	0	0	0.354	0	0	0.731
9606.ENSP00000223095	9606.ENSP00000262160	SERPINE1	SMAD2	9606	0.846	0	0	0	0	0.047	0.5	0.703
9606.ENSP00000223095	9606.ENSP00000332973	SERPINE1	SMAD3	9606	0.848	0	0	0	0.062	0.047	0.5	0.7
9606.ENSP00000223095	9606.ENSP00000385675	SERPINE1	IL6	9606	0.849	0	0	0	0.258	0	0	0.804
9606.ENSP00000223095	9606.ENSP00000341551	SERPINE1	SMAD4	9606	0.873	0	0	0	0	0.045	0.5	0.755
9606.ENSP00000223095	9606.ENSP00000225831	SERPINE1	CCL2	9606	0.918	0	0	0	0.259	0	0	0.895
9606.ENSP00000224784	9606.ENSP00000356954	ACTA2	CCN2	9606	0.727	0	0	0	0.113	0	0	0.705
9606.ENSP00000224784	9606.ENSP00000369071	ACTA2	POSTN	9606	0.73	0	0	0	0.162	0	0	0.691
9606.ENSP00000224784	9606.ENSP00000332973	ACTA2	SMAD3	9606	0.733	0	0	0	0.074	0.089	0	0.709
9606.ENSP00000224784	9606.ENSP00000265354	ACTA2	SRF	9606	0.741	0	0	0	0.058	0.091	0	0.721
9606.ENSP00000224784	9606.ENSP00000297268	ACTA2	COL1A2	9606	0.814	0	0	0	0.222	0.101	0	0.756
9606.ENSP00000224784	9606.ENSP00000304408	ACTA2	COL3A1	9606	0.882	0	0	0	0.336	0.101	0	0.818
9606.ENSP00000224784	9606.ENSP00000353452	ACTA2	MYLK	9606	0.89	0	0	0	0.269	0.092	0.5	0.709
9606.ENSP00000224784	9606.ENSP00000252456	ACTA2	CNN1	9606	0.892	0	0	0	0.291	0.114	0	0.842
9606.ENSP00000224784	9606.ENSP00000225964	ACTA2	COL1A1	9606	0.928	0	0	0	0.27	0.101	0	0.899
9606.ENSP00000224784	9606.ENSP00000376678	ACTA2	TAGLN	9606	0.954	0	0	0	0.449	0.14	0	0.911
9606.ENSP00000224784	9606.ENSP00000279022	ACTA2	MYL9	9606	0.97	0	0	0	0.223	0.126	0.9	0.615
9606.ENSP00000225655	9606.ENSP00000324422	PFN1	ZYX	9606	0.748	0	0	0	0.333	0	0	0.638
9606.ENSP00000225655	9606.ENSP00000358866	PFN1	FLNA	9606	0.776	0	0	0	0.149	0	0	0.748
9606.ENSP00000225655	9606.ENSP00000497733	PFN1	CDC42	9606	0.868	0	0	0	0.324	0.098	0.5	0.617
9606.ENSP00000225655	9606.ENSP00000400175	PFN1	RHOA	9606	0.939	0	0	0	0.445	0.211	0.5	0.757
9606.ENSP00000225655	9606.ENSP00000432660	PFN1	CFL1	9606	0.994	0	0	0	0.608	0.258	0.4	0.972
9606.ENSP00000225655	9606.ENSP00000245932	PFN1	VASP	9606	0.999	0	0	0	0.206	0.969	0.5	0.999
9606.ENSP00000225655	9606.ENSP00000494750	PFN1	ACTB	9606	0.999	0	0	0	0.485	0.972	0.9	0.992
9606.ENSP00000225831	9606.ENSP00000344352	CCL2	ATF3	9606	0.704	0	0	0	0.21	0	0	0.64
9606.ENSP00000225831	9606.ENSP00000231004	CCL2	LOX	9606	0.71	0	0	0	0.142	0	0	0.676
9606.ENSP00000225831	9606.ENSP00000262768	CCL2	TIMP2	9606	0.716	0	0	0	0.093	0	0	0.7
9606.ENSP00000225831	9606.ENSP00000346839	CCL2	FN1	9606	0.723	0	0	0	0.087	0	0	0.709
9606.ENSP00000225831	9606.ENSP00000362680	CCL2	SRC	9606	0.733	0	0	0	0.091	0	0	0.718
9606.ENSP00000225831	9606.ENSP00000260356	CCL2	THBS1	9606	0.742	0	0	0	0.194	0	0	0.693
9606.ENSP00000225831	9606.ENSP00000306245	CCL2	FOS	9606	0.756	0	0	0	0.106	0	0	0.739
9606.ENSP00000225831	9606.ENSP00000360266	CCL2	JUN	9606	0.98	0	0	0	0.083	0	0.9	0.8
9606.ENSP00000225831	9606.ENSP00000226574	CCL2	NFKB1	9606	0.982	0	0	0	0.139	0	0.9	0.811
9606.ENSP00000225831	9606.ENSP00000385675	CCL2	IL6	9606	0.985	0	0	0	0.517	0	0.4	0.953
9606.ENSP00000225831	9606.ENSP00000384273	CCL2	RELA	9606	0.987	0	0	0	0.113	0.51	0.9	0.745
9606.ENSP00000225831	9606.ENSP00000306512	CCL2	CXCL8	9606	0.999	0	0	0	0.487	0.994	0.4	0.948
9606.ENSP00000225964	9606.ENSP00000447297	COL1A1	TGFBR1	9606	0.721	0	0	0	0	0.084	0	0.707
9606.ENSP00000225964	9606.ENSP00000341189	COL1A1	PTK2	9606	0.754	0	0	0	0.055	0	0.65	0.317
9606.ENSP00000225964	9606.ENSP00000332973	COL1A1	SMAD3	9606	0.773	0	0	0	0	0.126	0	0.751
9606.ENSP00000225964	9606.ENSP00000376678	COL1A1	TAGLN	9606	0.785	0	0	0	0.276	0	0	0.716
9606.ENSP00000225964	9606.ENSP00000284240	COL1A1	THY1	9606	0.807	0	0	0	0.337	0	0	0.721
9606.ENSP00000225964	9606.ENSP00000231004	COL1A1	LOX	9606	0.808	0	0	0	0.364	0.27	0	0.621
9606.ENSP00000225964	9606.ENSP00000282903	COL1A1	PLOD2	9606	0.826	0	0	0	0.167	0.103	0.5	0.588
9606.ENSP00000225964	9606.ENSP00000261023	COL1A1	ITGAV	9606	0.874	0	0	0	0.093	0	0.65	0.635
9606.ENSP00000225964	9606.ENSP00000356954	COL1A1	CCN2	9606	0.876	0	0	0	0.214	0	0	0.848
9606.ENSP00000225964	9606.ENSP00000282588	COL1A1	ITGA1	9606	0.879	0	0	0	0.095	0	0.65	0.65
9606.ENSP00000225964	9606.ENSP00000260356	COL1A1	THBS1	9606	0.896	0	0	0	0.149	0.539	0	0.756
9606.ENSP00000225964	9606.ENSP00000369071	COL1A1	POSTN	9606	0.903	0	0	0	0.555	0.076	0	0.783
9606.ENSP00000225964	9606.ENSP00000452786	COL1A1	ITGB3	9606	0.932	0	0	0	0.062	0.051	0.65	0.809
9606.ENSP00000225964	9606.ENSP00000293379	COL1A1	ITGA5	9606	0.944	0	0	0	0.104	0	0.65	0.838
9606.ENSP00000225964	9606.ENSP00000300527	COL1A1	COL6A2	9606	0.954	0	0	0.202	0.697	0.073	0.4	0.716
9606.ENSP00000225964	9606.ENSP00000231061	COL1A1	SPARC	9606	0.968	0	0	0	0.743	0.554	0	0.744
9606.ENSP00000225964	9606.ENSP00000355180	COL1A1	COL6A1	9606	0.969	0	0	0.191	0.808	0	0.4	0.711
9606.ENSP00000225964	9606.ENSP00000295550	COL1A1	COL6A3	9606	0.974	0	0	0	0.685	0	0.4	0.875
9606.ENSP00000225964	9606.ENSP00000346839	COL1A1	FN1	9606	0.974	0	0	0	0.335	0.594	0	0.912
9606.ENSP00000225964	9606.ENSP00000266718	COL1A1	LUM	9606	0.981	0	0	0	0.552	0.13	0.72	0.854
9606.ENSP00000225964	9606.ENSP00000296585	COL1A1	ITGA2	9606	0.983	0	0	0	0.067	0.287	0.9	0.779
9606.ENSP00000225964	9606.ENSP00000379350	COL1A1	ITGB1	9606	0.984	0	0	0	0.093	0.294	0.9	0.793
9606.ENSP00000225964	9606.ENSP00000360882	COL1A1	COL5A1	9606	0.994	0	0	0.091	0.795	0.23	0.72	0.88
9606.ENSP00000225964	9606.ENSP00000364000	COL1A1	COL5A2	9606	0.995	0	0	0.064	0.839	0	0.72	0.912
9606.ENSP00000225964	9606.ENSP00000304408	COL1A1	COL3A1	9606	0.999	0	0	0.065	0.958	0	0.9	0.965
9606.ENSP00000225964	9606.ENSP00000297268	COL1A1	COL1A2	9606	0.999	0	0	0.061	0.964	0.649	0.9	0.981
9606.ENSP00000226574	9606.ENSP00000346839	NFKB1	FN1	9606	0.729	0	0	0	0	0	0	0.729
9606.ENSP00000226574	9606.ENSP00000400175	NFKB1	RHOA	9606	0.735	0	0	0	0.105	0.102	0	0.697
9606.ENSP00000226574	9606.ENSP00000362680	NFKB1	SRC	9606	0.756	0	0	0	0.08	0.095	0	0.731
9606.ENSP00000226574	9606.ENSP00000332973	NFKB1	SMAD3	9606	0.765	0	0	0	0.135	0.046	0	0.738
9606.ENSP00000226574	9606.ENSP00000494750	NFKB1	ACTB	9606	0.766	0	0	0	0.054	0.208	0	0.712
9606.ENSP00000226574	9606.ENSP00000264716	NFKB1	FOSL2	9606	0.793	0	0	0	0.086	0.053	0	0.78
9606.ENSP00000226574	9606.ENSP00000306245	NFKB1	FOS	9606	0.808	0	0	0	0.045	0.053	0	0.805
9606.ENSP00000226574	9606.ENSP00000317985	NFKB1	ROCK2	9606	0.924	0	0	0	0.068	0.095	0.9	0.212
9606.ENSP00000226574	9606.ENSP00000382697	NFKB1	ROCK1	9606	0.936	0	0	0	0.08	0.095	0.9	0.324
9606.ENSP00000226574	9606.ENSP00000306512	NFKB1	CXCL8	9606	0.988	0	0	0	0.143	0	0.9	0.881
9606.ENSP00000226574	9606.ENSP00000385675	NFKB1	IL6	9606	0.994	0	0	0	0.176	0	0.9	0.942
9606.ENSP00000226574	9606.ENSP00000360266	NFKB1	JUN	9606	0.994	0	0	0	0.093	0.292	0	0.992
9606.ENSP00000226574	9606.ENSP00000384273	NFKB1	RELA	9606	0.999	0	0	0	0.182	0.999	0.9	0.986
9606.ENSP00000231004	9606.ENSP00000360882	LOX	COL5A1	9606	0.703	0	0	0	0.373	0.091	0	0.521
9606.ENSP00000231004	9606.ENSP00000282903	LOX	PLOD2	9606	0.704	0	0	0	0.263	0.045	0	0.613
9606.ENSP00000231004	9606.ENSP00000355180	LOX	COL6A1	9606	0.736	0	0	0	0.24	0.277	0	0.558
9606.ENSP00000231004	9606.ENSP00000373783	LOX	LOXL2	9606	0.753	0	0	0.072	0.252	0.238	0.5	0.212
9606.ENSP00000231004	9606.ENSP00000356954	LOX	CCN2	9606	0.763	0	0	0	0.176	0	0	0.724
9606.ENSP00000231004	9606.ENSP00000297268	LOX	COL1A2	9606	0.788	0	0	0	0.361	0.27	0	0.582
9606.ENSP00000231004	9606.ENSP00000260356	LOX	THBS1	9606	0.807	0	0	0	0.184	0	0	0.774
9606.ENSP00000231004	9606.ENSP00000369071	LOX	POSTN	9606	0.811	0	0	0	0.264	0.046	0	0.753
9606.ENSP00000231004	9606.ENSP00000304408	LOX	COL3A1	9606	0.843	0	0	0	0.276	0.27	0	0.727
9606.ENSP00000231004	9606.ENSP00000346839	LOX	FN1	9606	0.931	0	0	0	0.233	0.591	0	0.799
9606.ENSP00000231061	9606.ENSP00000356954	SPARC	CCN2	9606	0.764	0	0	0	0.206	0	0	0.715
9606.ENSP00000231061	9606.ENSP00000398736	SPARC	CCN1	9606	0.783	0	0	0	0.121	0	0	0.764
9606.ENSP00000231061	9606.ENSP00000369071	SPARC	POSTN	9606	0.797	0	0	0	0.292	0	0	0.725
9606.ENSP00000231061	9606.ENSP00000260356	SPARC	THBS1	9606	0.847	0	0	0	0.108	0.07	0	0.83
9606.ENSP00000231061	9606.ENSP00000304408	SPARC	COL3A1	9606	0.911	0	0	0	0.553	0.635	0	0.499
9606.ENSP00000231061	9606.ENSP00000266718	SPARC	LUM	9606	0.954	0	0	0	0.921	0	0	0.45
9606.ENSP00000231061	9606.ENSP00000297268	SPARC	COL1A2	9606	0.959	0	0	0	0.849	0.07	0	0.733
9606.ENSP00000231061	9606.ENSP00000346839	SPARC	FN1	9606	0.969	0	0	0	0.355	0	0	0.954
9606.ENSP00000245919	9606.ENSP00000350369	FOSB	MAFG	9606	0.702	0	0	0	0	0.203	0	0.642
9606.ENSP00000245919	9606.ENSP00000344352	FOSB	ATF3	9606	0.941	0	0	0	0.46	0	0	0.895
9606.ENSP00000245919	9606.ENSP00000310170	FOSB	FOSL1	9606	0.998	0	0	0.072	0.1	0	0.9	0.985
9606.ENSP00000245919	9606.ENSP00000264716	FOSB	FOSL2	9606	0.998	0	0	0	0.176	0	0.9	0.984
9606.ENSP00000245919	9606.ENSP00000360266	FOSB	JUN	9606	0.999	0	0	0	0.78	0.807	0.9	0.997
9606.ENSP00000245919	9606.ENSP00000303315	FOSB	JUNB	9606	0.999	0	0	0	0.659	0.728	0.9	0.996
9606.ENSP00000245919	9606.ENSP00000252818	FOSB	JUND	9606	0.999	0	0	0	0.173	0.964	0.9	0.998
9606.ENSP00000245919	9606.ENSP00000306245	FOSB	FOS	9606	0.999	0	0	0.066	0.826	0.359	0.9	0.984
9606.ENSP00000245932	9606.ENSP00000420213	VASP	FLNB	9606	0.7	0	0	0	0.06	0.059	0	0.688
9606.ENSP00000245932	9606.ENSP00000261023	VASP	ITGAV	9606	0.707	0	0	0	0.042	0	0.65	0.197
9606.ENSP00000245932	9606.ENSP00000379350	VASP	ITGB1	9606	0.72	0	0	0	0.071	0	0.65	0.209
9606.ENSP00000245932	9606.ENSP00000293379	VASP	ITGA5	9606	0.722	0	0	0	0.072	0	0.65	0.213
9606.ENSP00000245932	9606.ENSP00000296585	VASP	ITGA2	9606	0.724	0	0	0	0.044	0	0.65	0.243
9606.ENSP00000245932	9606.ENSP00000362680	VASP	SRC	9606	0.727	0	0	0	0.083	0.094	0	0.697
9606.ENSP00000245932	9606.ENSP00000358866	VASP	FLNA	9606	0.772	0	0	0	0.228	0.059	0	0.711
9606.ENSP00000245932	9606.ENSP00000341189	VASP	PTK2	9606	0.779	0	0	0	0.042	0	0	0.779
9606.ENSP00000245932	9606.ENSP00000452786	VASP	ITGB3	9606	0.781	0	0	0	0.091	0	0.65	0.368
9606.ENSP00000245932	9606.ENSP00000432660	VASP	CFL1	9606	0.881	0	0	0	0.128	0	0	0.869
9606.ENSP00000245932	9606.ENSP00000494750	VASP	ACTB	9606	0.955	0	0	0	0.132	0.219	0.9	0.422
9606.ENSP00000245932	9606.ENSP00000267257	VASP	PXN	9606	0.971	0	0	0	0.15	0.12	0	0.964
9606.ENSP00000245932	9606.ENSP00000316029	VASP	TLN1	9606	0.981	0	0	0	0.126	0	0	0.979
9606.ENSP00000245932	9606.ENSP00000497733	VASP	CDC42	9606	0.991	0	0	0	0.098	0.418	0.9	0.864
9606.ENSP00000245932	9606.ENSP00000324422	VASP	ZYX	9606	0.999	0	0	0	0.236	0.798	0	0.999
9606.ENSP00000252456	9606.ENSP00000353452	CNN1	MYLK	9606	0.703	0	0	0	0.409	0	0	0.518
9606.ENSP00000252456	9606.ENSP00000279022	CNN1	MYL9	9606	0.771	0	0	0	0.514	0.133	0	0.501
9606.ENSP00000252456	9606.ENSP00000376678	CNN1	TAGLN	9606	0.781	0	0	0.1	0.711	0.093	0	0.183
9606.ENSP00000252818	9606.ENSP00000332973	JUND	SMAD3	9606	0.839	0	0	0	0.063	0.292	0	0.777
9606.ENSP00000252818	9606.ENSP00000344352	JUND	ATF3	9606	0.994	0	0	0	0.153	0.684	0	0.98
9606.ENSP00000252818	9606.ENSP00000310170	JUND	FOSL1	9606	0.999	0	0	0	0.062	0.76	0.9	0.998
9606.ENSP00000252818	9606.ENSP00000303315	JUND	JUNB	9606	0.999	0	0	0.067	0.258	0.704	0.9	0.984
9606.ENSP00000252818	9606.ENSP00000360266	JUND	JUN	9606	0.999	0	0	0.054	0.163	0.86	0.9	0.983
9606.ENSP00000252818	9606.ENSP00000306245	JUND	FOS	9606	0.999	0	0	0	0.155	0.907	0.9	0.998
9606.ENSP00000252818	9606.ENSP00000264716	JUND	FOSL2	9606	0.999	0	0	0	0.1	0.872	0.9	0.999
9606.ENSP00000260356	9606.ENSP00000306512	THBS1	CXCL8	9606	0.713	0	0	0	0.115	0	0	0.69
9606.ENSP00000260356	9606.ENSP00000356954	THBS1	CCN2	9606	0.749	0	0	0	0.294	0.045	0	0.657
9606.ENSP00000260356	9606.ENSP00000282588	THBS1	ITGA1	9606	0.758	0	0	0	0.067	0.045	0.65	0.318
9606.ENSP00000260356	9606.ENSP00000341189	THBS1	PTK2	9606	0.764	0	0	0	0.044	0	0.65	0.353
9606.ENSP00000260356	9606.ENSP00000385675	THBS1	IL6	9606	0.772	0	0	0	0.211	0	0	0.722
9606.ENSP00000260356	9606.ENSP00000355180	THBS1	COL6A1	9606	0.778	0	0	0	0.137	0.328	0.4	0.437
9606.ENSP00000260356	9606.ENSP00000265077	THBS1	VCAN	9606	0.778	0	0	0	0.181	0	0	0.741
9606.ENSP00000260356	9606.ENSP00000300527	THBS1	COL6A2	9606	0.784	0	0	0	0.11	0.099	0.4	0.604
9606.ENSP00000260356	9606.ENSP00000293379	THBS1	ITGA5	9606	0.812	0	0	0	0.132	0.054	0.65	0.424
9606.ENSP00000260356	9606.ENSP00000296585	THBS1	ITGA2	9606	0.87	0	0	0	0.074	0.045	0.65	0.63
9606.ENSP00000260356	9606.ENSP00000261023	THBS1	ITGAV	9606	0.981	0	0	0	0.156	0.301	0.9	0.724
9606.ENSP00000260356	9606.ENSP00000452786	THBS1	ITGB3	9606	0.984	0	0	0	0.146	0.524	0.9	0.656
9606.ENSP00000260356	9606.ENSP00000379350	THBS1	ITGB1	9606	0.989	0	0	0	0.145	0.312	0.9	0.837
9606.ENSP00000260356	9606.ENSP00000346839	THBS1	FN1	9606	0.999	0	0	0	0.12	0.467	0.72	0.996
9606.ENSP00000261023	9606.ENSP00000384515	ITGAV	PARVB	9606	0.702	0	0	0	0.042	0.066	0.65	0.162
9606.ENSP00000261023	9606.ENSP00000400175	ITGAV	RHOA	9606	0.713	0	0	0	0.065	0.162	0.5	0.354
9606.ENSP00000261023	9606.ENSP00000420213	ITGAV	FLNB	9606	0.724	0	0	0	0.095	0	0.65	0.201
9606.ENSP00000261023	9606.ENSP00000358866	ITGAV	FLNA	9606	0.729	0	0	0	0.09	0	0.65	0.219
9606.ENSP00000261023	9606.ENSP00000334008	ITGAV	PARVA	9606	0.737	0	0	0	0.085	0.066	0.65	0.224
9606.ENSP00000261023	9606.ENSP00000295550	ITGAV	COL6A3	9606	0.743	0	0	0	0.105	0	0.65	0.247
9606.ENSP00000261023	9606.ENSP00000300527	ITGAV	COL6A2	9606	0.758	0	0	0	0.093	0	0.65	0.299
9606.ENSP00000261023	9606.ENSP00000369071	ITGAV	POSTN	9606	0.772	0	0	0	0.103	0	0	0.756
9606.ENSP00000261023	9606.ENSP00000400365	ITGAV	LAMA2	9606	0.773	0	0	0	0.086	0.1	0.65	0.305
9606.ENSP00000261023	9606.ENSP00000494750	ITGAV	ACTB	9606	0.799	0	0	0	0.053	0	0.65	0.442
9606.ENSP00000261023	9606.ENSP00000398736	ITGAV	CCN1	9606	0.852	0	0	0	0.096	0.292	0	0.788
9606.ENSP00000261023	9606.ENSP00000267257	ITGAV	PXN	9606	0.858	0	0	0	0.042	0.512	0.5	0.465
9606.ENSP00000261023	9606.ENSP00000316029	ITGAV	TLN1	9606	0.871	0	0	0	0.062	0.062	0.65	0.631
9606.ENSP00000261023	9606.ENSP00000355180	ITGAV	COL6A1	9606	0.885	0	0	0	0.084	0.292	0.65	0.554
9606.ENSP00000261023	9606.ENSP00000297268	ITGAV	COL1A2	9606	0.889	0	0	0	0.178	0	0.65	0.647
9606.ENSP00000261023	9606.ENSP00000282588	ITGAV	ITGA1	9606	0.937	0	0	0	0.109	0	0.9	0.349
9606.ENSP00000261023	9606.ENSP00000362680	ITGAV	SRC	9606	0.946	0	0	0	0.059	0.071	0.9	0.456
9606.ENSP00000261023	9606.ENSP00000293379	ITGAV	ITGA5	9606	0.946	0	0	0.061	0.067	0	0.9	0.46
9606.ENSP00000261023	9606.ENSP00000296585	ITGAV	ITGA2	9606	0.967	0	0	0	0.164	0	0.9	0.646
9606.ENSP00000261023	9606.ENSP00000341189	ITGAV	PTK2	9606	0.984	0	0	0	0.084	0.701	0.9	0.484
9606.ENSP00000261023	9606.ENSP00000452786	ITGAV	ITGB3	9606	0.999	0	0	0	0.062	0.989	0.9	0.999
9606.ENSP00000261023	9606.ENSP00000379350	ITGAV	ITGB1	9606	0.999	0	0	0	0.197	0.742	0.9	0.994
9606.ENSP00000261023	9606.ENSP00000346839	ITGAV	FN1	9606	0.999	0	0	0	0.126	0.96	0.9	0.997
9606.ENSP00000262160	9606.ENSP00000297268	SMAD2	COL1A2	9606	0.703	0	0	0	0	0.308	0	0.588
9606.ENSP00000262160	9606.ENSP00000494750	SMAD2	ACTB	9606	0.713	0	0	0	0.085	0.045	0	0.698
9606.ENSP00000262160	9606.ENSP00000400175	SMAD2	RHOA	9606	0.731	0	0	0	0.108	0.148	0	0.674
9606.ENSP00000262160	9606.ENSP00000346839	SMAD2	FN1	9606	0.765	0	0	0	0	0.045	0	0.764
9606.ENSP00000262160	9606.ENSP00000352926	SMAD2	TEAD4	9606	0.789	0	0	0	0.063	0	0.5	0.587
9606.ENSP00000262160	9606.ENSP00000356954	SMAD2	CCN2	9606	0.845	0	0	0	0.062	0	0	0.842
9606.ENSP00000262160	9606.ENSP00000360266	SMAD2	JUN	9606	0.925	0	0	0	0	0.424	0	0.875
9606.ENSP00000262160	9606.ENSP00000419465	SMAD2	WWTR1	9606	0.933	0	0	0	0	0.25	0.8	0.592
9606.ENSP00000262160	9606.ENSP00000478927	SMAD2	YAP1	9606	0.979	0	0	0	0.044	0.446	0.9	0.656
9606.ENSP00000262160	9606.ENSP00000351905	SMAD2	TGFBR2	9606	0.998	0	0	0	0.087	0.091	0.9	0.979
9606.ENSP00000262160	9606.ENSP00000332973	SMAD2	SMAD3	9606	0.999	0	0	0.048	0.167	0.911	0.9	0.982
9606.ENSP00000262160	9606.ENSP00000341551	SMAD2	SMAD4	9606	0.999	0	0	0	0.108	0.999	0.9	0.989
9606.ENSP00000262160	9606.ENSP00000447297	SMAD2	TGFBR1	9606	0.999	0	0	0	0.113	0.841	0.9	0.998
9606.ENSP00000262768	9606.ENSP00000346839	TIMP2	FN1	9606	0.713	0	0	0	0.126	0.16	0	0.64
9606.ENSP00000262768	9606.ENSP00000385675	TIMP2	IL6	9606	0.799	0	0	0	0.086	0	0	0.789
9606.ENSP00000262768	9606.ENSP00000308208	TIMP2	MMP14	9606	0.999	0	0	0	0.123	0.842	0.9	0.999
9606.ENSP00000264716	9606.ENSP00000306245	FOSL2	FOS	9606	0.998	0	0	0	0.132	0	0.9	0.984
9606.ENSP00000264716	9606.ENSP00000310170	FOSL2	FOSL1	9606	0.998	0	0	0	0.085	0	0.9	0.984
9606.ENSP00000264716	9606.ENSP00000303315	FOSL2	JUNB	9606	0.999	0	0	0	0.224	0.88	0.9	0.996
9606.ENSP00000264716	9606.ENSP00000360266	FOSL2	JUN	9606	0.999	0	0	0	0.164	0.956	0.9	0.998
9606.ENSP00000265077	9606.ENSP00000266718	VCAN	LUM	9606	0.71	0	0	0	0.128	0.099	0	0.661
9606.ENSP00000265077	9606.ENSP00000304408	VCAN	COL3A1	9606	0.722	0	0	0	0.144	0.091	0	0.672
9606.ENSP00000265077	9606.ENSP00000297268	VCAN	COL1A2	9606	0.756	0	0	0	0.183	0.091	0	0.699
9606.ENSP00000265077	9606.ENSP00000346839	VCAN	FN1	9606	0.866	0	0	0	0.099	0	0	0.858
9606.ENSP00000265354	9606.ENSP00000435233	SRF	TEAD1	9606	0.76	0	0	0	0	0.292	0	0.675
9606.ENSP00000265354	9606.ENSP00000497733	SRF	CDC42	9606	0.775	0	0	0	0.047	0.049	0	0.771
9606.ENSP00000265354	9606.ENSP00000400175	SRF	RHOA	9606	0.776	0	0	0	0.042	0.049	0	0.774
9606.ENSP00000265354	9606.ENSP00000376678	SRF	TAGLN	9606	0.807	0	0	0	0.066	0	0	0.802
9606.ENSP00000265354	9606.ENSP00000379350	SRF	ITGB1	9606	0.847	0	0	0	0.044	0.18	0.75	0.312
9606.ENSP00000265354	9606.ENSP00000306245	SRF	FOS	9606	0.95	0	0	0	0.072	0	0.75	0.802
9606.ENSP00000265354	9606.ENSP00000459626	SRF	MRTFB	9606	0.978	0	0	0	0	0.541	0	0.955
9606.ENSP00000265354	9606.ENSP00000498671	SRF	MRTFA	9606	0.999	0	0	0	0.059	0.788	0.9	0.992
9606.ENSP00000266718	9606.ENSP00000300527	LUM	COL6A2	9606	0.702	0	0	0	0.365	0.091	0	0.524
9606.ENSP00000266718	9606.ENSP00000308208	LUM	MMP14	9606	0.77	0	0	0	0.163	0.6	0	0.37
9606.ENSP00000266718	9606.ENSP00000295550	LUM	COL6A3	9606	0.853	0	0	0	0.471	0.094	0	0.719
9606.ENSP00000266718	9606.ENSP00000360882	LUM	COL5A1	9606	0.912	0	0	0	0.385	0.094	0.72	0.507
9606.ENSP00000266718	9606.ENSP00000369071	LUM	POSTN	9606	0.913	0	0	0	0.569	0.045	0	0.805
9606.ENSP00000266718	9606.ENSP00000364000	LUM	COL5A2	9606	0.96	0	0	0	0.59	0.094	0.72	0.668
9606.ENSP00000266718	9606.ENSP00000346839	LUM	FN1	9606	0.962	0	0	0	0.472	0	0	0.931
9606.ENSP00000266718	9606.ENSP00000304408	LUM	COL3A1	9606	0.986	0	0	0	0.82	0.094	0.72	0.739
9606.ENSP00000266718	9606.ENSP00000297268	LUM	COL1A2	9606	0.999	0	0	0	0.964	0.098	0.9	0.817
9606.ENSP00000267257	9606.ENSP00000293379	PXN	ITGA5	9606	0.713	0	0	0	0.138	0.046	0	0.68
9606.ENSP00000267257	9606.ENSP00000348461	PXN	RAC1	9606	0.715	0	0	0	0.059	0.126	0.5	0.388
9606.ENSP00000267257	9606.ENSP00000339191	PXN	CAV1	9606	0.723	0	0	0	0.11	0	0	0.701
9606.ENSP00000267257	9606.ENSP00000279022	PXN	MYL9	9606	0.732	0	0	0	0.123	0.107	0.5	0.397
9606.ENSP00000267257	9606.ENSP00000432660	PXN	CFL1	9606	0.795	0	0	0	0.098	0.066	0	0.777
9606.ENSP00000267257	9606.ENSP00000282588	PXN	ITGA1	9606	0.852	0	0	0	0	0.046	0.8	0.288
9606.ENSP00000267257	9606.ENSP00000497733	PXN	CDC42	9606	0.857	0	0	0	0.053	0.126	0	0.841
9606.ENSP00000267257	9606.ENSP00000452786	PXN	ITGB3	9606	0.931	0	0	0	0.063	0.314	0.5	0.812
9606.ENSP00000267257	9606.ENSP00000400175	PXN	RHOA	9606	0.965	0	0	0	0.088	0.126	0.5	0.924
9606.ENSP00000267257	9606.ENSP00000342858	PXN	FERMT2	9606	0.98	0	0	0	0.049	0.905	0	0.795
9606.ENSP00000267257	9606.ENSP00000346839	PXN	FN1	9606	0.981	0	0	0	0	0.201	0	0.978
9606.ENSP00000267257	9606.ENSP00000420213	PXN	FLNB	9606	0.982	0	0	0	0.11	0.048	0	0.981
9606.ENSP00000267257	9606.ENSP00000379350	PXN	ITGB1	9606	0.987	0	0	0	0.084	0.636	0	0.966
9606.ENSP00000267257	9606.ENSP00000358866	PXN	FLNA	9606	0.989	0	0	0	0.178	0.048	0	0.987
9606.ENSP00000267257	9606.ENSP00000324422	PXN	ZYX	9606	0.992	0	0	0	0.198	0.218	0	0.989
9606.ENSP00000267257	9606.ENSP00000384515	PXN	PARVB	9606	0.996	0	0	0	0.062	0.901	0	0.964
9606.ENSP00000267257	9606.ENSP00000362680	PXN	SRC	9606	0.999	0	0	0	0.069	0.523	0.9	0.998
9606.ENSP00000267257	9606.ENSP00000341189	PXN	PTK2	9606	0.999	0	0	0	0.042	0.945	0.5	0.999
9606.ENSP00000267257	9606.ENSP00000316029	PXN	TLN1	9606	0.999	0	0	0	0.133	0.735	0.8	0.999
9606.ENSP00000267257	9606.ENSP00000334008	PXN	PARVA	9606	0.999	0	0	0	0.062	0.977	0.9	0.995
9606.ENSP00000273317	9606.ENSP00000372035	LIMD1	LATS2	9606	0.966	0	0	0	0	0.564	0.9	0.298
9606.ENSP00000273317	9606.ENSP00000437550	LIMD1	LATS1	9606	0.995	0	0	0	0.083	0.712	0.9	0.86
9606.ENSP00000279022	9606.ENSP00000497733	MYL9	CDC42	9606	0.726	0	0	0	0.074	0.097	0.5	0.423
9606.ENSP00000279022	9606.ENSP00000400175	MYL9	RHOA	9606	0.828	0	0	0	0.091	0.097	0.5	0.631
9606.ENSP00000279022	9606.ENSP00000376678	MYL9	TAGLN	9606	0.929	0	0	0	0.658	0.133	0	0.779
9606.ENSP00000279022	9606.ENSP00000494750	MYL9	ACTB	9606	0.945	0	0	0	0.122	0.126	0.9	0.368
9606.ENSP00000279022	9606.ENSP00000317985	MYL9	ROCK2	9606	0.951	0	0	0	0.044	0.106	0.9	0.502
9606.ENSP00000279022	9606.ENSP00000382697	MYL9	ROCK1	9606	0.953	0	0	0	0.042	0.106	0.9	0.522
9606.ENSP00000279022	9606.ENSP00000353452	MYL9	MYLK	9606	0.989	0	0	0	0.497	0.125	0.9	0.785
9606.ENSP00000282588	9606.ENSP00000334008	ITGA1	PARVA	9606	0.709	0	0	0	0.09	0.054	0.65	0.149
9606.ENSP00000282588	9606.ENSP00000358866	ITGA1	FLNA	9606	0.718	0	0	0	0.059	0	0.65	0.213
9606.ENSP00000282588	9606.ENSP00000304408	ITGA1	COL3A1	9606	0.723	0	0	0	0.112	0.236	0	0.624
9606.ENSP00000282588	9606.ENSP00000362680	ITGA1	SRC	9606	0.734	0	0	0	0	0.071	0.65	0.248
9606.ENSP00000282588	9606.ENSP00000494750	ITGA1	ACTB	9606	0.753	0	0	0	0	0	0.65	0.323
9606.ENSP00000282588	9606.ENSP00000295550	ITGA1	COL6A3	9606	0.819	0	0	0	0.107	0	0.65	0.468
9606.ENSP00000282588	9606.ENSP00000400365	ITGA1	LAMA2	9606	0.849	0	0	0	0.111	0.071	0.65	0.541
9606.ENSP00000282588	9606.ENSP00000297268	ITGA1	COL1A2	9606	0.855	0	0	0	0.107	0	0.65	0.575
9606.ENSP00000282588	9606.ENSP00000300527	ITGA1	COL6A2	9606	0.864	0	0	0	0.099	0	0.65	0.604
9606.ENSP00000282588	9606.ENSP00000341189	ITGA1	PTK2	9606	0.87	0	0	0	0.042	0	0.8	0.375
9606.ENSP00000282588	9606.ENSP00000355180	ITGA1	COL6A1	9606	0.87	0	0	0	0.109	0	0.65	0.617
9606.ENSP00000282588	9606.ENSP00000316029	ITGA1	TLN1	9606	0.897	0	0	0	0	0.3	0.8	0.328
9606.ENSP00000282588	9606.ENSP00000293379	ITGA1	ITGA5	9606	0.947	0	0	0	0.085	0	0.9	0.473
9606.ENSP00000282588	9606.ENSP00000346839	ITGA1	FN1	9606	0.948	0	0	0	0.084	0	0.65	0.853
9606.ENSP00000282588	9606.ENSP00000296585	ITGA1	ITGA2	9606	0.969	0	0	0	0.067	0	0.9	0.699
9606.ENSP00000282588	9606.ENSP00000452786	ITGA1	ITGB3	9606	0.982	0	0	0	0.135	0.114	0.9	0.8
9606.ENSP00000282588	9606.ENSP00000379350	ITGA1	ITGB1	9606	0.999	0	0	0	0.095	0.653	0.9	0.996
9606.ENSP00000282903	9606.ENSP00000304408	PLOD2	COL3A1	9606	0.713	0	0	0	0.12	0.071	0.5	0.381
9606.ENSP00000282903	9606.ENSP00000364000	PLOD2	COL5A2	9606	0.737	0	0	0	0.207	0.071	0.5	0.37
9606.ENSP00000282903	9606.ENSP00000360882	PLOD2	COL5A1	9606	0.75	0	0	0	0.183	0.071	0.5	0.42
9606.ENSP00000282903	9606.ENSP00000297268	PLOD2	COL1A2	9606	0.817	0	0	0	0.118	0.071	0.5	0.607
9606.ENSP00000284240	9606.ENSP00000364000	THY1	COL5A2	9606	0.717	0	0	0	0.425	0	0	0.529
9606.ENSP00000284240	9606.ENSP00000297268	THY1	COL1A2	9606	0.734	0	0	0	0.342	0	0	0.612
9606.ENSP00000284240	9606.ENSP00000379350	THY1	ITGB1	9606	0.893	0	0	0	0.042	0	0	0.893
9606.ENSP00000293379	9606.ENSP00000384515	ITGA5	PARVB	9606	0.707	0	0	0	0.058	0.066	0.65	0.162
9606.ENSP00000293379	9606.ENSP00000334008	ITGA5	PARVA	9606	0.735	0	0	0	0.056	0.066	0.65	0.244
9606.ENSP00000293379	9606.ENSP00000420213	ITGA5	FLNB	9606	0.737	0	0	0	0.095	0	0.65	0.238
9606.ENSP00000293379	9606.ENSP00000400365	ITGA5	LAMA2	9606	0.783	0	0	0	0.056	0.1	0.65	0.356
9606.ENSP00000293379	9606.ENSP00000358866	ITGA5	FLNA	9606	0.789	0	0	0	0.219	0	0.65	0.291
9606.ENSP00000293379	9606.ENSP00000494750	ITGA5	ACTB	9606	0.801	0	0	0	0.06	0	0.65	0.443
9606.ENSP00000293379	9606.ENSP00000297268	ITGA5	COL1A2	9606	0.869	0	0	0	0.083	0	0.65	0.627
9606.ENSP00000293379	9606.ENSP00000295550	ITGA5	COL6A3	9606	0.87	0	0	0	0.126	0	0.65	0.61
9606.ENSP00000293379	9606.ENSP00000300527	ITGA5	COL6A2	9606	0.892	0	0	0	0.233	0	0.65	0.632
9606.ENSP00000293379	9606.ENSP00000355180	ITGA5	COL6A1	9606	0.922	0	0	0	0.136	0	0.65	0.763
9606.ENSP00000293379	9606.ENSP00000362680	ITGA5	SRC	9606	0.949	0	0	0	0.106	0.071	0.9	0.459
9606.ENSP00000293379	9606.ENSP00000296585	ITGA5	ITGA2	9606	0.962	0	0	0	0.086	0	0.9	0.626
9606.ENSP00000293379	9606.ENSP00000341189	ITGA5	PTK2	9606	0.972	0	0	0	0.059	0	0.9	0.73
9606.ENSP00000293379	9606.ENSP00000316029	ITGA5	TLN1	9606	0.978	0	0	0	0.252	0.242	0.9	0.665
9606.ENSP00000293379	9606.ENSP00000452786	ITGA5	ITGB3	9606	0.999	0	0	0	0.126	0.659	0.9	0.98
9606.ENSP00000293379	9606.ENSP00000379350	ITGA5	ITGB1	9606	0.999	0	0	0	0.128	0.989	0.9	0.999
9606.ENSP00000293379	9606.ENSP00000346839	ITGA5	FN1	9606	0.999	0	0	0	0.11	0.986	0.9	0.998
9606.ENSP00000295550	9606.ENSP00000346839	COL6A3	FN1	9606	0.736	0	0	0	0.185	0.05	0	0.686
9606.ENSP00000295550	9606.ENSP00000296585	COL6A3	ITGA2	9606	0.781	0	0	0	0.053	0	0.65	0.394
9606.ENSP00000295550	9606.ENSP00000369071	COL6A3	POSTN	9606	0.819	0	0	0	0.482	0.076	0	0.653
9606.ENSP00000295550	9606.ENSP00000452786	COL6A3	ITGB3	9606	0.829	0	0	0	0.074	0.051	0.65	0.51
9606.ENSP00000295550	9606.ENSP00000379350	COL6A3	ITGB1	9606	0.859	0	0	0	0.08	0.051	0.65	0.594
9606.ENSP00000295550	9606.ENSP00000360882	COL6A3	COL5A1	9606	0.892	0	0	0	0.462	0.23	0.4	0.617
9606.ENSP00000295550	9606.ENSP00000364000	COL6A3	COL5A2	9606	0.935	0	0	0	0.523	0	0.4	0.792
9606.ENSP00000295550	9606.ENSP00000304408	COL6A3	COL3A1	9606	0.952	0	0	0	0.613	0	0.4	0.812
9606.ENSP00000295550	9606.ENSP00000297268	COL6A3	COL1A2	9606	0.968	0	0	0	0.789	0	0.4	0.772
9606.ENSP00000295550	9606.ENSP00000300527	COL6A3	COL6A2	9606	0.994	0	0	0	0.619	0.073	0.4	0.978
9606.ENSP00000295550	9606.ENSP00000355180	COL6A3	COL6A1	9606	0.994	0	0	0	0.523	0	0.72	0.963
9606.ENSP00000296585	9606.ENSP00000384515	ITGA2	PARVB	9606	0.7	0	0	0	0.047	0.054	0.65	0.162
9606.ENSP00000296585	9606.ENSP00000334008	ITGA2	PARVA	9606	0.722	0	0	0	0.084	0.054	0.65	0.192
9606.ENSP00000296585	9606.ENSP00000358866	ITGA2	FLNA	9606	0.733	0	0	0	0.066	0	0.65	0.25
9606.ENSP00000296585	9606.ENSP00000420213	ITGA2	FLNB	9606	0.736	0	0	0	0.102	0	0.65	0.228
9606.ENSP00000296585	9606.ENSP00000400365	ITGA2	LAMA2	9606	0.768	0	0	0	0	0.071	0.65	0.343
9606.ENSP00000296585	9606.ENSP00000316029	ITGA2	TLN1	9606	0.796	0	0	0	0.065	0.053	0.65	0.421
9606.ENSP00000296585	9606.ENSP00000362680	ITGA2	SRC	9606	0.812	0	0	0	0.049	0.091	0.65	0.452
9606.ENSP00000296585	9606.ENSP00000300527	ITGA2	COL6A2	9606	0.818	0	0	0	0.067	0	0.65	0.487
9606.ENSP00000296585	9606.ENSP00000355180	ITGA2	COL6A1	9606	0.857	0	0	0	0.105	0	0.65	0.582
9606.ENSP00000296585	9606.ENSP00000494750	ITGA2	ACTB	9606	0.86	0	0	0	0.056	0	0.65	0.611
9606.ENSP00000296585	9606.ENSP00000341189	ITGA2	PTK2	9606	0.94	0	0	0	0.063	0	0.9	0.417
9606.ENSP00000296585	9606.ENSP00000297268	ITGA2	COL1A2	9606	0.973	0	0	0	0.043	0.287	0.9	0.656
9606.ENSP00000296585	9606.ENSP00000304408	ITGA2	COL3A1	9606	0.976	0	0	0	0.043	0.236	0.9	0.72
9606.ENSP00000296585	9606.ENSP00000452786	ITGA2	ITGB3	9606	0.984	0	0	0	0.145	0.114	0.9	0.823
9606.ENSP00000296585	9606.ENSP00000346839	ITGA2	FN1	9606	0.986	0	0	0	0.083	0	0.65	0.962
9606.ENSP00000296585	9606.ENSP00000379350	ITGA2	ITGB1	9606	0.999	0	0	0	0.117	0.743	0.9	0.997
9606.ENSP00000297268	9606.ENSP00000341551	COL1A2	SMAD4	9606	0.715	0	0	0	0	0.053	0.5	0.446
9606.ENSP00000297268	9606.ENSP00000341189	COL1A2	PTK2	9606	0.727	0	0	0	0.062	0	0.65	0.235
9606.ENSP00000297268	9606.ENSP00000376678	COL1A2	TAGLN	9606	0.744	0	0	0	0.413	0	0	0.581
9606.ENSP00000297268	9606.ENSP00000332973	COL1A2	SMAD3	9606	0.799	0	0	0	0	0.063	0.5	0.607
9606.ENSP00000297268	9606.ENSP00000356954	COL1A2	CCN2	9606	0.835	0	0	0	0.266	0	0	0.784
9606.ENSP00000297268	9606.ENSP00000355180	COL1A2	COL6A1	9606	0.875	0	0	0.183	0.67	0	0.4	0.321
9606.ENSP00000297268	9606.ENSP00000452786	COL1A2	ITGB3	9606	0.884	0	0	0	0.062	0.051	0.65	0.672
9606.ENSP00000297268	9606.ENSP00000300527	COL1A2	COL6A2	9606	0.908	0	0	0.196	0.555	0.073	0.4	0.611
9606.ENSP00000297268	9606.ENSP00000369071	COL1A2	POSTN	9606	0.918	0	0	0	0.522	0.099	0	0.826
9606.ENSP00000297268	9606.ENSP00000346839	COL1A2	FN1	9606	0.982	0	0	0	0.54	0.05	0.4	0.942
9606.ENSP00000297268	9606.ENSP00000379350	COL1A2	ITGB1	9606	0.988	0	0	0	0.109	0.051	0.9	0.883
9606.ENSP00000297268	9606.ENSP00000360882	COL1A2	COL5A1	9606	0.989	0	0	0.091	0.66	0.259	0.72	0.864
9606.ENSP00000297268	9606.ENSP00000364000	COL1A2	COL5A2	9606	0.998	0	0	0.072	0.884	0.098	0.72	0.949
9606.ENSP00000297268	9606.ENSP00000304408	COL1A2	COL3A1	9606	0.999	0	0	0.076	0.999	0.229	0.9	0.966
9606.ENSP00000300527	9606.ENSP00000346839	COL6A2	FN1	9606	0.802	0	0	0	0.212	0.05	0	0.757
9606.ENSP00000300527	9606.ENSP00000379350	COL6A2	ITGB1	9606	0.817	0	0	0	0.074	0.047	0.65	0.48
9606.ENSP00000300527	9606.ENSP00000452786	COL6A2	ITGB3	9606	0.831	0	0	0	0.099	0.047	0.65	0.504
9606.ENSP00000300527	9606.ENSP00000364000	COL6A2	COL5A2	9606	0.856	0	0	0.139	0.422	0.073	0.4	0.56
9606.ENSP00000300527	9606.ENSP00000360882	COL6A2	COL5A1	9606	0.862	0	0	0.119	0.462	0.27	0.4	0.437
9606.ENSP00000300527	9606.ENSP00000304408	COL6A2	COL3A1	9606	0.894	0	0	0.182	0.487	0.073	0.4	0.614
9606.ENSP00000300527	9606.ENSP00000355180	COL6A2	COL6A1	9606	0.998	0	0	0.122	0.926	0	0.4	0.965
9606.ENSP00000303315	9606.ENSP00000341551	JUNB	SMAD4	9606	0.74	0	0	0	0.06	0.327	0.5	0.275
9606.ENSP00000303315	9606.ENSP00000332973	JUNB	SMAD3	9606	0.852	0	0	0	0.054	0.294	0.5	0.608
9606.ENSP00000303315	9606.ENSP00000344352	JUNB	ATF3	9606	0.964	0	0	0	0.404	0.774	0	0.754
9606.ENSP00000303315	9606.ENSP00000360266	JUNB	JUN	9606	0.999	0	0	0	0.543	0.639	0.9	0.983
9606.ENSP00000303315	9606.ENSP00000310170	JUNB	FOSL1	9606	0.999	0	0	0	0.101	0.83	0.9	0.996
9606.ENSP00000303315	9606.ENSP00000306245	JUNB	FOS	9606	0.999	0	0	0	0.809	0.907	0.9	0.995
9606.ENSP00000304408	9606.ENSP00000447297	COL3A1	TGFBR1	9606	0.746	0	0	0	0	0.084	0	0.734
9606.ENSP00000304408	9606.ENSP00000351905	COL3A1	TGFBR2	9606	0.75	0	0	0	0.082	0.084	0	0.727
9606.ENSP00000304408	9606.ENSP00000356954	COL3A1	CCN2	9606	0.782	0	0	0	0.2	0	0	0.739
9606.ENSP00000304408	9606.ENSP00000452786	COL3A1	ITGB3	9606	0.786	0	0	0	0.067	0.051	0	0.777
9606.ENSP00000304408	9606.ENSP00000355180	COL3A1	COL6A1	9606	0.926	0	0	0.18	0.676	0	0.4	0.594
9606.ENSP00000304408	9606.ENSP00000346839	COL3A1	FN1	9606	0.928	0	0	0	0.447	0.05	0	0.874
9606.ENSP00000304408	9606.ENSP00000379350	COL3A1	ITGB1	9606	0.942	0	0	0	0.08	0.051	0.9	0.414
9606.ENSP00000304408	9606.ENSP00000369071	COL3A1	POSTN	9606	0.976	0	0	0	0.791	0.076	0	0.886
9606.ENSP00000304408	9606.ENSP00000360882	COL3A1	COL5A1	9606	0.983	0	0	0.094	0.786	0	0.72	0.731
9606.ENSP00000304408	9606.ENSP00000364000	COL3A1	COL5A2	9606	0.998	0	0	0.075	0.906	0	0.72	0.962
9606.ENSP00000306245	9606.ENSP00000356954	FOS	CCN2	9606	0.72	0	0	0	0.196	0	0	0.666
9606.ENSP00000306245	9606.ENSP00000494750	FOS	ACTB	9606	0.722	0	0	0	0.085	0.053	0	0.705
9606.ENSP00000306245	9606.ENSP00000398736	FOS	CCN1	9606	0.753	0	0	0	0.315	0	0	0.655
9606.ENSP00000306245	9606.ENSP00000478927	FOS	YAP1	9606	0.756	0	0	0	0	0	0	0.756
9606.ENSP00000306245	9606.ENSP00000306512	FOS	CXCL8	9606	0.765	0	0	0	0.179	0	0	0.726
9606.ENSP00000306245	9606.ENSP00000346839	FOS	FN1	9606	0.782	0	0	0	0	0	0	0.782
9606.ENSP00000306245	9606.ENSP00000350369	FOS	MAFG	9606	0.794	0	0	0	0.086	0.203	0	0.74
9606.ENSP00000306245	9606.ENSP00000341551	FOS	SMAD4	9606	0.822	0	0	0	0	0	0	0.822
9606.ENSP00000306245	9606.ENSP00000442060	FOS	MAFF	9606	0.847	0	0	0	0.183	0.286	0	0.76
9606.ENSP00000306245	9606.ENSP00000385675	FOS	IL6	9606	0.891	0	0	0	0.14	0	0	0.879
9606.ENSP00000306245	9606.ENSP00000384273	FOS	RELA	9606	0.917	0	0	0	0.101	0.528	0	0.82
9606.ENSP00000306245	9606.ENSP00000332973	FOS	SMAD3	9606	0.976	0	0	0	0	0.51	0	0.954
9606.ENSP00000306245	9606.ENSP00000362680	FOS	SRC	9606	0.986	0	0	0	0.102	0.096	0.9	0.848
9606.ENSP00000306245	9606.ENSP00000344352	FOS	ATF3	9606	0.994	0	0	0	0.47	0.353	0	0.984
9606.ENSP00000306245	9606.ENSP00000310170	FOS	FOSL1	9606	0.998	0	0	0	0.048	0	0.9	0.984
9606.ENSP00000306245	9606.ENSP00000360266	FOS	JUN	9606	0.999	0	0	0	0.69	0.999	0.9	0.999
9606.ENSP00000306512	9606.ENSP00000494750	CXCL8	ACTB	9606	0.729	0	0	0	0	0	0	0.729
9606.ENSP00000306512	9606.ENSP00000362680	CXCL8	SRC	9606	0.781	0	0	0	0	0	0.5	0.581
9606.ENSP00000306512	9606.ENSP00000346839	CXCL8	FN1	9606	0.846	0	0	0	0.047	0	0	0.846
9606.ENSP00000306512	9606.ENSP00000360266	CXCL8	JUN	9606	0.987	0	0	0	0.203	0.292	0.9	0.802
9606.ENSP00000306512	9606.ENSP00000385675	CXCL8	IL6	9606	0.991	0	0	0	0.445	0	0.4	0.976
9606.ENSP00000306512	9606.ENSP00000384273	CXCL8	RELA	9606	0.995	0	0	0	0.062	0.785	0.9	0.82
9606.ENSP00000308208	9606.ENSP00000362680	MMP14	SRC	9606	0.742	0	0	0	0.105	0	0	0.724
9606.ENSP00000308208	9606.ENSP00000339191	MMP14	CAV1	9606	0.794	0	0	0	0.142	0.292	0	0.689
9606.ENSP00000308208	9606.ENSP00000346839	MMP14	FN1	9606	0.818	0	0	0	0.183	0	0	0.787
9606.ENSP00000310170	9606.ENSP00000384273	FOSL1	RELA	9606	0.876	0	0	0	0.097	0.094	0	0.861
9606.ENSP00000310170	9606.ENSP00000344352	FOSL1	ATF3	9606	0.88	0	0	0	0.07	0.193	0	0.853
9606.ENSP00000310170	9606.ENSP00000360266	FOSL1	JUN	9606	0.999	0	0	0	0.09	0.872	0.9	0.996
9606.ENSP00000316029	9606.ENSP00000342858	TLN1	FERMT2	9606	0.705	0	0	0	0.053	0	0	0.701
9606.ENSP00000316029	9606.ENSP00000400175	TLN1	RHOA	9606	0.788	0	0	0	0.118	0	0	0.77
9606.ENSP00000316029	9606.ENSP00000497733	TLN1	CDC42	9606	0.789	0	0	0	0.099	0	0	0.776
9606.ENSP00000316029	9606.ENSP00000384515	TLN1	PARVB	9606	0.913	0	0	0	0.082	0	0	0.909
9606.ENSP00000316029	9606.ENSP00000334008	TLN1	PARVA	9606	0.939	0	0	0	0.048	0	0	0.938
9606.ENSP00000316029	9606.ENSP00000494750	TLN1	ACTB	9606	0.96	0	0	0	0.074	0.053	0.9	0.603
9606.ENSP00000316029	9606.ENSP00000346839	TLN1	FN1	9606	0.992	0	0	0	0.042	0.071	0.4	0.988
9606.ENSP00000316029	9606.ENSP00000420213	TLN1	FLNB	9606	0.995	0	0	0	0.081	0	0	0.995
9606.ENSP00000316029	9606.ENSP00000358866	TLN1	FLNA	9606	0.998	0	0	0	0.243	0	0.4	0.996
9606.ENSP00000316029	9606.ENSP00000379350	TLN1	ITGB1	9606	0.999	0	0	0	0.092	0.819	0.9	0.993
9606.ENSP00000316029	9606.ENSP00000452786	TLN1	ITGB3	9606	0.999	0	0	0	0.114	0.809	0.9	0.99
9606.ENSP00000316029	9606.ENSP00000324422	TLN1	ZYX	9606	0.999	0	0	0	0.546	0	0	0.999
9606.ENSP00000316029	9606.ENSP00000362680	TLN1	SRC	9606	0.999	0	0	0	0.075	0.292	0.9	0.996
9606.ENSP00000316029	9606.ENSP00000341189	TLN1	PTK2	9606	0.999	0	0	0	0.056	0.629	0.9	0.997
9606.ENSP00000317985	9606.ENSP00000432660	ROCK2	CFL1	9606	0.876	0	0	0	0.052	0.071	0.5	0.752
9606.ENSP00000317985	9606.ENSP00000384273	ROCK2	RELA	9606	0.923	0	0	0	0.092	0.106	0.9	0.164
9606.ENSP00000317985	9606.ENSP00000382697	ROCK2	ROCK1	9606	0.988	0	0	0.056	0.195	0.781	0.9	0.409
9606.ENSP00000317985	9606.ENSP00000400175	ROCK2	RHOA	9606	0.998	0	0	0	0.088	0.541	0.9	0.974
9606.ENSP00000324422	9606.ENSP00000346839	ZYX	FN1	9606	0.73	0	0	0	0.042	0.239	0	0.66
9606.ENSP00000324422	9606.ENSP00000358866	ZYX	FLNA	9606	0.779	0	0	0	0.306	0	0	0.694
9606.ENSP00000324422	9606.ENSP00000362680	ZYX	SRC	9606	0.856	0	0	0	0.073	0.057	0	0.848
9606.ENSP00000324422	9606.ENSP00000437550	ZYX	LATS1	9606	0.865	0	0	0	0	0.369	0	0.795
9606.ENSP00000324422	9606.ENSP00000341189	ZYX	PTK2	9606	0.934	0	0	0	0.042	0	0	0.934
9606.ENSP00000324422	9606.ENSP00000494750	ZYX	ACTB	9606	0.942	0	0	0	0.143	0.124	0.9	0.319
9606.ENSP00000332973	9606.ENSP00000346839	SMAD3	FN1	9606	0.73	0	0	0	0.062	0.045	0	0.722
9606.ENSP00000332973	9606.ENSP00000356954	SMAD3	CCN2	9606	0.751	0	0	0	0.102	0	0	0.735
9606.ENSP00000332973	9606.ENSP00000494750	SMAD3	ACTB	9606	0.76	0	0	0	0.067	0.294	0	0.665
9606.ENSP00000332973	9606.ENSP00000419465	SMAD3	WWTR1	9606	0.881	0	0	0	0	0.25	0.8	0.274
9606.ENSP00000332973	9606.ENSP00000352926	SMAD3	TEAD4	9606	0.899	0	0	0	0.063	0	0.5	0.801
9606.ENSP00000332973	9606.ENSP00000384273	SMAD3	RELA	9606	0.95	0	0	0	0.079	0.131	0	0.943
9606.ENSP00000332973	9606.ENSP00000478927	SMAD3	YAP1	9606	0.965	0	0	0	0.062	0.446	0.9	0.419
9606.ENSP00000332973	9606.ENSP00000344352	SMAD3	ATF3	9606	0.988	0	0	0	0.044	0.51	0	0.976
9606.ENSP00000332973	9606.ENSP00000360266	SMAD3	JUN	9606	0.997	0	0	0	0.049	0.786	0	0.989
9606.ENSP00000332973	9606.ENSP00000351905	SMAD3	TGFBR2	9606	0.998	0	0	0	0.166	0.091	0.9	0.985
9606.ENSP00000332973	9606.ENSP00000341551	SMAD3	SMAD4	9606	0.999	0	0	0	0.087	0.999	0.9	0.988
9606.ENSP00000332973	9606.ENSP00000447297	SMAD3	TGFBR1	9606	0.999	0	0	0	0.089	0.658	0.9	0.994
9606.ENSP00000334008	9606.ENSP00000452786	PARVA	ITGB3	9606	0.76	0	0	0	0.055	0.091	0.65	0.297
9606.ENSP00000334008	9606.ENSP00000379350	PARVA	ITGB1	9606	0.808	0	0	0	0.118	0.091	0.65	0.397
9606.ENSP00000334008	9606.ENSP00000342858	PARVA	FERMT2	9606	0.893	0	0	0	0.206	0.354	0	0.809
9606.ENSP00000334008	9606.ENSP00000494750	PARVA	ACTB	9606	0.957	0	0	0	0.054	0.488	0.9	0.228
9606.ENSP00000334008	9606.ENSP00000384515	PARVA	PARVB	9606	0.987	0	0	0.056	0.042	0.836	0.9	0.279
9606.ENSP00000339191	9606.ENSP00000385675	CAV1	IL6	9606	0.714	0	0	0	0.084	0	0	0.701
9606.ENSP00000339191	9606.ENSP00000497733	CAV1	CDC42	9606	0.739	0	0	0	0.045	0.166	0.4	0.518
9606.ENSP00000339191	9606.ENSP00000452786	CAV1	ITGB3	9606	0.756	0	0	0	0.08	0	0.65	0.305
9606.ENSP00000339191	9606.ENSP00000346839	CAV1	FN1	9606	0.771	0	0	0	0.195	0	0	0.727
9606.ENSP00000339191	9606.ENSP00000420213	CAV1	FLNB	9606	0.869	0	0	0	0.11	0	0	0.859
9606.ENSP00000339191	9606.ENSP00000494750	CAV1	ACTB	9606	0.87	0	0	0	0.085	0.469	0.4	0.608
9606.ENSP00000339191	9606.ENSP00000400175	CAV1	RHOA	9606	0.898	0	0	0	0.056	0.377	0.4	0.745
9606.ENSP00000339191	9606.ENSP00000447297	CAV1	TGFBR1	9606	0.907	0	0	0	0	0.376	0	0.858
9606.ENSP00000339191	9606.ENSP00000358866	CAV1	FLNA	9606	0.908	0	0	0	0.109	0	0	0.901
9606.ENSP00000339191	9606.ENSP00000348461	CAV1	RAC1	9606	0.908	0	0	0	0.059	0.756	0.5	0.291
9606.ENSP00000339191	9606.ENSP00000379350	CAV1	ITGB1	9606	0.98	0	0	0	0.109	0.076	0.65	0.941
9606.ENSP00000339191	9606.ENSP00000362680	CAV1	SRC	9606	0.999	0	0	0	0.051	0.622	0.9	0.994
9606.ENSP00000341189	9606.ENSP00000497733	PTK2	CDC42	9606	0.895	0	0	0	0.08	0	0.5	0.791
9606.ENSP00000341189	9606.ENSP00000346839	PTK2	FN1	9606	0.937	0	0	0	0.084	0	0.65	0.822
9606.ENSP00000341189	9606.ENSP00000400175	PTK2	RHOA	9606	0.983	0	0	0	0.086	0	0.9	0.83
9606.ENSP00000341189	9606.ENSP00000452786	PTK2	ITGB3	9606	0.99	0	0	0	0.11	0.648	0.9	0.723
9606.ENSP00000341189	9606.ENSP00000379350	PTK2	ITGB1	9606	0.997	0	0	0	0.13	0.644	0.9	0.928
9606.ENSP00000341189	9606.ENSP00000362680	PTK2	SRC	9606	0.999	0	0	0	0.072	0.929	0.9	0.987
9606.ENSP00000341551	9606.ENSP00000385675	SMAD4	IL6	9606	0.704	0	0	0	0.054	0	0	0.7
9606.ENSP00000341551	9606.ENSP00000362680	SMAD4	SRC	9606	0.725	0	0	0	0.042	0.091	0	0.71
9606.ENSP00000341551	9606.ENSP00000419465	SMAD4	WWTR1	9606	0.875	0	0	0	0	0.25	0.8	0.235
9606.ENSP00000341551	9606.ENSP00000478927	SMAD4	YAP1	9606	0.943	0	0	0	0.056	0.25	0.8	0.647
9606.ENSP00000341551	9606.ENSP00000360266	SMAD4	JUN	9606	0.989	0	0	0	0	0.166	0	0.987
9606.ENSP00000341551	9606.ENSP00000351905	SMAD4	TGFBR2	9606	0.996	0	0	0	0.049	0.091	0.9	0.96
9606.ENSP00000341551	9606.ENSP00000447297	SMAD4	TGFBR1	9606	0.998	0	0	0	0.073	0.535	0.9	0.974
9606.ENSP00000342858	9606.ENSP00000420213	FERMT2	FLNB	9606	0.757	0	0	0	0.062	0.088	0	0.739
9606.ENSP00000342858	9606.ENSP00000452786	FERMT2	ITGB3	9606	0.761	0	0	0	0.059	0.12	0	0.735
9606.ENSP00000342858	9606.ENSP00000379350	FERMT2	ITGB1	9606	0.796	0	0	0	0.085	0.369	0	0.674
9606.ENSP00000342858	9606.ENSP00000358866	FERMT2	FLNA	9606	0.852	0	0	0	0.056	0.098	0	0.84
9606.ENSP00000344352	9606.ENSP00000384273	ATF3	RELA	9606	0.716	0	0	0	0.073	0.331	0	0.578
9606.ENSP00000344352	9606.ENSP00000398736	ATF3	CCN1	9606	0.717	0	0	0	0.304	0	0	0.611
9606.ENSP00000344352	9606.ENSP00000494750	ATF3	ACTB	9606	0.766	0	0	0	0	0.3	0	0.679
9606.ENSP00000344352	9606.ENSP00000385675	ATF3	IL6	9606	0.779	0	0	0	0.233	0	0	0.724
9606.ENSP00000344352	9606.ENSP00000442060	ATF3	MAFF	9606	0.868	0	0	0	0.503	0.281	0	0.661
9606.ENSP00000344352	9606.ENSP00000360266	ATF3	JUN	9606	0.999	0	0	0	0.55	0.931	0	0.995
9606.ENSP00000345772	9606.ENSP00000356954	TEAD3	CCN2	9606	0.73	0	0	0	0.11	0	0.5	0.443
9606.ENSP00000345772	9606.ENSP00000419465	TEAD3	WWTR1	9606	0.994	0	0	0	0.083	0.88	0.9	0.583
9606.ENSP00000345772	9606.ENSP00000478927	TEAD3	YAP1	9606	0.998	0	0	0	0.251	0.836	0.9	0.882
9606.ENSP00000346839	9606.ENSP00000351905	FN1	TGFBR2	9606	0.722	0	0	0	0.085	0	0	0.708
9606.ENSP00000346839	9606.ENSP00000400175	FN1	RHOA	9606	0.734	0	0	0	0.079	0	0	0.722
9606.ENSP00000346839	9606.ENSP00000497733	FN1	CDC42	9606	0.743	0	0	0	0	0	0	0.743
9606.ENSP00000346839	9606.ENSP00000355180	FN1	COL6A1	9606	0.78	0	0	0	0.232	0.05	0	0.722
9606.ENSP00000346839	9606.ENSP00000358866	FN1	FLNA	9606	0.809	0	0	0	0.08	0.072	0	0.794
9606.ENSP00000346839	9606.ENSP00000373783	FN1	LOXL2	9606	0.819	0	0	0	0.186	0.405	0	0.657
9606.ENSP00000346839	9606.ENSP00000364000	FN1	COL5A2	9606	0.83	0	0	0	0.328	0.05	0	0.755
9606.ENSP00000346839	9606.ENSP00000360882	FN1	COL5A1	9606	0.84	0	0	0	0.292	0.298	0	0.703
9606.ENSP00000346839	9606.ENSP00000494750	FN1	ACTB	9606	0.886	0	0	0	0.043	0.045	0	0.886
9606.ENSP00000346839	9606.ENSP00000385675	FN1	IL6	9606	0.9	0	0	0	0.087	0	0	0.895
9606.ENSP00000346839	9606.ENSP00000362680	FN1	SRC	9606	0.945	0	0	0	0.042	0	0.4	0.912
9606.ENSP00000346839	9606.ENSP00000356954	FN1	CCN2	9606	0.963	0	0	0	0.216	0.292	0	0.939
9606.ENSP00000346839	9606.ENSP00000369071	FN1	POSTN	9606	0.996	0	0	0	0.246	0.05	0	0.995
9606.ENSP00000346839	9606.ENSP00000452786	FN1	ITGB3	9606	0.999	0	0	0	0.072	0.977	0.9	0.995
9606.ENSP00000346839	9606.ENSP00000379350	FN1	ITGB1	9606	0.999	0	0	0	0.099	0.981	0.9	0.998
9606.ENSP00000348461	9606.ENSP00000379350	RAC1	ITGB1	9606	0.721	0	0	0	0.203	0.128	0.5	0.292
9606.ENSP00000348461	9606.ENSP00000400175	RAC1	RHOA	9606	0.77	0	0	0.058	0.196	0.191	0.5	0.365
9606.ENSP00000348461	9606.ENSP00000494750	RAC1	ACTB	9606	0.823	0	0	0	0.182	0.259	0.5	0.484
9606.ENSP00000348461	9606.ENSP00000362680	RAC1	SRC	9606	0.856	0	0	0	0.137	0.342	0.4	0.628
9606.ENSP00000348461	9606.ENSP00000497733	RAC1	CDC42	9606	0.872	0	0	0.055	0.108	0.207	0.7	0.462
9606.ENSP00000350369	9606.ENSP00000360266	MAFG	JUN	9606	0.702	0	0	0	0.052	0.073	0	0.688
9606.ENSP00000350369	9606.ENSP00000442060	MAFG	MAFF	9606	0.91	0	0	0.063	0.084	0.237	0.5	0.77
9606.ENSP00000351905	9606.ENSP00000356954	TGFBR2	CCN2	9606	0.748	0	0	0	0.072	0	0	0.739
9606.ENSP00000351905	9606.ENSP00000362680	TGFBR2	SRC	9606	0.854	0	0	0	0.083	0	0	0.848
9606.ENSP00000351905	9606.ENSP00000478927	TGFBR2	YAP1	9606	0.932	0	0	0	0.065	0.071	0.9	0.318
9606.ENSP00000351905	9606.ENSP00000400175	TGFBR2	RHOA	9606	0.952	0	0	0	0.106	0.11	0.9	0.474
9606.ENSP00000351905	9606.ENSP00000447297	TGFBR2	TGFBR1	9606	0.999	0	0	0	0.132	0.986	0.9	0.986
9606.ENSP00000352926	9606.ENSP00000437550	TEAD4	LATS1	9606	0.726	0	0	0	0	0.102	0	0.707
9606.ENSP00000352926	9606.ENSP00000356954	TEAD4	CCN2	9606	0.808	0	0	0	0.088	0	0.5	0.613
9606.ENSP00000352926	9606.ENSP00000472109	TEAD4	TEAD2	9606	0.912	0	0	0.06	0.11	0.809	0.5	0.076
9606.ENSP00000352926	9606.ENSP00000435233	TEAD4	TEAD1	9606	0.922	0	0	0.053	0.109	0.835	0.5	0.064
9606.ENSP00000352926	9606.ENSP00000419465	TEAD4	WWTR1	9606	0.998	0	0	0	0.081	0.934	0.9	0.785
9606.ENSP00000352926	9606.ENSP00000478927	TEAD4	YAP1	9606	0.999	0	0	0	0.139	0.992	0.9	0.992
9606.ENSP00000355180	9606.ENSP00000400365	COL6A1	LAMA2	9606	0.762	0	0	0	0.186	0.067	0	0.712
9606.ENSP00000355180	9606.ENSP00000379350	COL6A1	ITGB1	9606	0.776	0	0	0	0.119	0.045	0.65	0.329
9606.ENSP00000355180	9606.ENSP00000452786	COL6A1	ITGB3	9606	0.844	0	0	0	0.088	0.045	0.65	0.548
9606.ENSP00000355180	9606.ENSP00000360882	COL6A1	COL5A1	9606	0.879	0	0	0.106	0.445	0.23	0.4	0.554
9606.ENSP00000355180	9606.ENSP00000364000	COL6A1	COL5A2	9606	0.904	0	0	0.148	0.509	0	0.4	0.662
9606.ENSP00000356954	9606.ENSP00000424765	CCN2	AMOTL2	9606	0.712	0	0	0	0.297	0	0	0.606
9606.ENSP00000356954	9606.ENSP00000494750	CCN2	ACTB	9606	0.715	0	0	0	0.075	0.292	0	0.599
9606.ENSP00000356954	9606.ENSP00000369071	CCN2	POSTN	9606	0.716	0	0	0	0.209	0	0	0.655
9606.ENSP00000356954	9606.ENSP00000437550	CCN2	LATS1	9606	0.74	0	0	0	0	0	0	0.74
9606.ENSP00000356954	9606.ENSP00000376678	CCN2	TAGLN	9606	0.756	0	0	0	0.364	0	0	0.632
9606.ENSP00000356954	9606.ENSP00000472109	CCN2	TEAD2	9606	0.759	0	0	0	0.113	0	0.5	0.501
9606.ENSP00000356954	9606.ENSP00000360762	CCN2	ANKRD1	9606	0.77	0	0	0	0.173	0	0	0.733
9606.ENSP00000356954	9606.ENSP00000385675	CCN2	IL6	9606	0.771	0	0	0	0.168	0	0	0.736
9606.ENSP00000356954	9606.ENSP00000447297	CCN2	TGFBR1	9606	0.775	0	0	0	0	0	0	0.775
9606.ENSP00000356954	9606.ENSP00000379350	CCN2	ITGB1	9606	0.794	0	0	0	0.126	0	0	0.774
9606.ENSP00000356954	9606.ENSP00000398736	CCN2	CCN1	9606	0.816	0	0	0.074	0.789	0	0	0.132
9606.ENSP00000356954	9606.ENSP00000419465	CCN2	WWTR1	9606	0.816	0	0	0	0.163	0	0.5	0.596
9606.ENSP00000356954	9606.ENSP00000360266	CCN2	JUN	9606	0.828	0	0	0	0.2	0	0	0.794
9606.ENSP00000356954	9606.ENSP00000435233	CCN2	TEAD1	9606	0.843	0	0	0	0.149	0	0.5	0.662
9606.ENSP00000356954	9606.ENSP00000478927	CCN2	YAP1	9606	0.899	0	0	0	0.213	0.292	0.5	0.681
9606.ENSP00000357283	9606.ENSP00000494750	LMNA	ACTB	9606	0.784	0	0	0	0.066	0.312	0	0.69
9606.ENSP00000358866	9606.ENSP00000494750	FLNA	ACTB	9606	0.75	0	0	0	0.144	0.205	0	0.661
9606.ENSP00000358866	9606.ENSP00000362680	FLNA	SRC	9606	0.809	0	0	0	0.084	0.19	0	0.763
9606.ENSP00000358866	9606.ENSP00000432660	FLNA	CFL1	9606	0.916	0	0	0	0.099	0.231	0	0.888
9606.ENSP00000358866	9606.ENSP00000400175	FLNA	RHOA	9606	0.933	0	0	0	0.095	0.048	0	0.928
9606.ENSP00000358866	9606.ENSP00000497733	FLNA	CDC42	9606	0.976	0	0	0	0.047	0.048	0.5	0.954
9606.ENSP00000358866	9606.ENSP00000420213	FLNA	FLNB	9606	0.979	0	0	0.053	0.14	0.658	0.9	0.389
9606.ENSP00000358866	9606.ENSP00000379350	FLNA	ITGB1	9606	0.993	0	0	0	0.084	0.867	0.65	0.87
9606.ENSP00000358866	9606.ENSP00000452786	FLNA	ITGB3	9606	0.994	0	0	0	0.098	0.963	0.65	0.575
9606.ENSP00000360266	9606.ENSP00000442060	JUN	MAFF	9606	0.75	0	0	0	0.235	0.159	0	0.642
9606.ENSP00000360266	9606.ENSP00000494750	JUN	ACTB	9606	0.806	0	0	0	0.048	0.15	0	0.779
9606.ENSP00000360266	9606.ENSP00000400175	JUN	RHOA	9606	0.808	0	0	0	0.069	0.073	0	0.795
9606.ENSP00000360266	9606.ENSP00000478927	JUN	YAP1	9606	0.909	0	0	0	0	0.072	0	0.906
9606.ENSP00000360266	9606.ENSP00000362680	JUN	SRC	9606	0.974	0	0	0	0.062	0.085	0.9	0.737
9606.ENSP00000360266	9606.ENSP00000384273	JUN	RELA	9606	0.986	0	0	0	0.087	0.271	0	0.98
9606.ENSP00000360266	9606.ENSP00000385675	JUN	IL6	9606	0.989	0	0	0	0.14	0	0.9	0.882
9606.ENSP00000360762	9606.ENSP00000478927	ANKRD1	YAP1	9606	0.722	0	0	0	0.074	0.091	0	0.696
9606.ENSP00000360762	9606.ENSP00000398736	ANKRD1	CCN1	9606	0.772	0	0	0	0.127	0	0	0.75
9606.ENSP00000360882	9606.ENSP00000369071	COL5A1	POSTN	9606	0.78	0	0	0	0.355	0.076	0	0.661
9606.ENSP00000360882	9606.ENSP00000364000	COL5A1	COL5A2	9606	0.996	0	0	0.087	0.777	0.126	0.8	0.928
9606.ENSP00000362680	9606.ENSP00000420213	SRC	FLNB	9606	0.739	0	0	0	0.055	0.071	0	0.726
9606.ENSP00000362680	9606.ENSP00000494750	SRC	ACTB	9606	0.774	0	0	0	0.085	0.215	0	0.71
9606.ENSP00000362680	9606.ENSP00000385675	SRC	IL6	9606	0.787	0	0	0	0.084	0	0	0.778
9606.ENSP00000362680	9606.ENSP00000432660	SRC	CFL1	9606	0.847	0	0	0	0.077	0.314	0	0.777
9606.ENSP00000362680	9606.ENSP00000478927	SRC	YAP1	9606	0.951	0	0	0	0.042	0.071	0.7	0.838
9606.ENSP00000362680	9606.ENSP00000379350	SRC	ITGB1	9606	0.986	0	0	0	0.074	0.052	0.9	0.868
9606.ENSP00000362680	9606.ENSP00000497733	SRC	CDC42	9606	0.991	0	0	0	0.103	0.11	0.9	0.909
9606.ENSP00000362680	9606.ENSP00000400175	SRC	RHOA	9606	0.992	0	0	0	0.081	0.11	0.9	0.913
9606.ENSP00000362680	9606.ENSP00000452786	SRC	ITGB3	9606	0.998	0	0	0	0.09	0.309	0.9	0.972
9606.ENSP00000364000	9606.ENSP00000369071	COL5A2	POSTN	9606	0.792	0	0	0	0.57	0.076	0	0.519
9606.ENSP00000372035	9606.ENSP00000472109	LATS2	TEAD2	9606	0.707	0	0	0	0.06	0.236	0	0.625
9606.ENSP00000372035	9606.ENSP00000435233	LATS2	TEAD1	9606	0.733	0	0	0	0.055	0.102	0	0.711
9606.ENSP00000372035	9606.ENSP00000424765	LATS2	AMOTL2	9606	0.934	0	0	0	0.119	0.626	0.5	0.65
9606.ENSP00000372035	9606.ENSP00000437550	LATS2	LATS1	9606	0.989	0	0	0.069	0.042	0.78	0.9	0.528
9606.ENSP00000372035	9606.ENSP00000419465	LATS2	WWTR1	9606	0.989	0	0	0	0.065	0.653	0.9	0.71
9606.ENSP00000372035	9606.ENSP00000478927	LATS2	YAP1	9606	0.999	0	0	0	0.075	0.962	0.9	0.827
9606.ENSP00000379350	9606.ENSP00000385675	ITGB1	IL6	9606	0.704	0	0	0	0.067	0	0	0.696
9606.ENSP00000379350	9606.ENSP00000497733	ITGB1	CDC42	9606	0.769	0	0	0	0.113	0.166	0.4	0.541
9606.ENSP00000379350	9606.ENSP00000400365	ITGB1	LAMA2	9606	0.771	0	0	0	0.049	0.07	0.65	0.347
9606.ENSP00000379350	9606.ENSP00000384515	ITGB1	PARVB	9606	0.782	0	0	0	0.086	0.091	0.65	0.338
9606.ENSP00000379350	9606.ENSP00000498671	ITGB1	MRTFA	9606	0.792	0	0	0	0	0	0.75	0.202
9606.ENSP00000379350	9606.ENSP00000400175	ITGB1	RHOA	9606	0.839	0	0	0	0.123	0.165	0	0.797
9606.ENSP00000379350	9606.ENSP00000420213	ITGB1	FLNB	9606	0.939	0	0	0	0.111	0.477	0.65	0.673
9606.ENSP00000379350	9606.ENSP00000494750	ITGB1	ACTB	9606	0.984	0	0	0	0.084	0.077	0.9	0.835
9606.ENSP00000379350	9606.ENSP00000452786	ITGB1	ITGB3	9606	0.987	0	0	0.076	0.124	0.226	0.9	0.832
9606.ENSP00000382697	9606.ENSP00000497733	ROCK1	CDC42	9606	0.822	0	0	0	0.092	0.259	0	0.756
9606.ENSP00000382697	9606.ENSP00000432660	ROCK1	CFL1	9606	0.924	0	0	0	0.059	0.314	0.5	0.793
9606.ENSP00000382697	9606.ENSP00000384273	ROCK1	RELA	9606	0.925	0	0	0	0.069	0.106	0.9	0.214
9606.ENSP00000382697	9606.ENSP00000400175	ROCK1	RHOA	9606	0.999	0	0	0	0.088	0.878	0.9	0.997
9606.ENSP00000384273	9606.ENSP00000478927	RELA	YAP1	9606	0.709	0	0	0	0.05	0.333	0	0.577
9606.ENSP00000384273	9606.ENSP00000385675	RELA	IL6	9606	0.986	0	0	0	0.108	0.292	0.9	0.816
9606.ENSP00000384515	9606.ENSP00000497733	PARVB	CDC42	9606	0.739	0	0	0	0.049	0	0	0.737
9606.ENSP00000384515	9606.ENSP00000452786	PARVB	ITGB3	9606	0.865	0	0	0	0.161	0.091	0.65	0.556
9606.ENSP00000384515	9606.ENSP00000494750	PARVB	ACTB	9606	0.915	0	0	0	0.047	0	0.9	0.185
9606.ENSP00000385675	9606.ENSP00000494750	IL6	ACTB	9606	0.847	0	0	0	0	0	0	0.847
9606.ENSP00000398736	9606.ENSP00000435233	CCN1	TEAD1	9606	0.723	0	0	0	0.177	0	0	0.677
9606.ENSP00000398736	9606.ENSP00000437550	CCN1	LATS1	9606	0.752	0	0	0	0	0	0	0.752
9606.ENSP00000398736	9606.ENSP00000424765	CCN1	AMOTL2	9606	0.759	0	0	0	0.337	0	0	0.652
9606.ENSP00000398736	9606.ENSP00000478927	CCN1	YAP1	9606	0.764	0	0	0	0.291	0	0	0.681
9606.ENSP00000400175	9606.ENSP00000420213	RHOA	FLNB	9606	0.773	0	0	0	0.042	0.048	0	0.771
9606.ENSP00000400175	9606.ENSP00000447297	RHOA	TGFBR1	9606	0.794	0	0	0	0.099	0.222	0.5	0.482
9606.ENSP00000400175	9606.ENSP00000459626	RHOA	MRTFB	9606	0.806	0	0	0	0.055	0.128	0	0.784
9606.ENSP00000400175	9606.ENSP00000452786	RHOA	ITGB3	9606	0.811	0	0	0	0.052	0.045	0.5	0.632
9606.ENSP00000400175	9606.ENSP00000498671	RHOA	MRTFA	9606	0.887	0	0	0	0.051	0.06	0.5	0.777
9606.ENSP00000400175	9606.ENSP00000497733	RHOA	CDC42	9606	0.955	0	0	0.062	0.361	0.295	0.9	0.103
9606.ENSP00000400175	9606.ENSP00000432660	RHOA	CFL1	9606	0.962	0	0	0	0.268	0.068	0.5	0.902
9606.ENSP00000400175	9606.ENSP00000494750	RHOA	ACTB	9606	0.978	0	0	0	0.426	0.07	0.9	0.646
9606.ENSP00000400365	9606.ENSP00000452786	LAMA2	ITGB3	9606	0.826	0	0	0	0	0.07	0.65	0.51
9606.ENSP00000419465	9606.ENSP00000424765	WWTR1	AMOTL2	9606	0.846	0	0	0	0.12	0	0.5	0.68
9606.ENSP00000419465	9606.ENSP00000478927	WWTR1	YAP1	9606	0.956	0	0	0	0.187	0.464	0.9	0.121
9606.ENSP00000419465	9606.ENSP00000472109	WWTR1	TEAD2	9606	0.995	0	0	0	0.085	0.898	0.9	0.585
9606.ENSP00000419465	9606.ENSP00000437550	WWTR1	LATS1	9606	0.997	0	0	0	0.043	0.911	0.9	0.758
9606.ENSP00000419465	9606.ENSP00000435233	WWTR1	TEAD1	9606	0.999	0	0	0	0.194	0.909	0.9	0.959
9606.ENSP00000420213	9606.ENSP00000432660	FLNB	CFL1	9606	0.829	0	0	0	0.055	0	0	0.827
9606.ENSP00000420213	9606.ENSP00000452786	FLNB	ITGB3	9606	0.911	0	0	0	0.055	0.349	0.65	0.638
9606.ENSP00000424765	9606.ENSP00000437550	AMOTL2	LATS1	9606	0.832	0	0	0	0.063	0	0.5	0.67
9606.ENSP00000424765	9606.ENSP00000478927	AMOTL2	YAP1	9606	0.982	0	0	0	0.334	0.835	0.5	0.726
9606.ENSP00000432660	9606.ENSP00000497733	CFL1	CDC42	9606	0.93	0	0	0	0.162	0.045	0	0.919
9606.ENSP00000432660	9606.ENSP00000494750	CFL1	ACTB	9606	0.999	0	0	0	0.403	0.987	0.9	0.834
9606.ENSP00000435233	9606.ENSP00000437550	TEAD1	LATS1	9606	0.817	0	0	0	0.056	0.102	0	0.802
9606.ENSP00000435233	9606.ENSP00000472109	TEAD1	TEAD2	9606	0.944	0	0	0.059	0.109	0.784	0.72	0.074
9606.ENSP00000435233	9606.ENSP00000478927	TEAD1	YAP1	9606	0.999	0	0	0	0.367	0.995	0.9	0.999
9606.ENSP00000437550	9606.ENSP00000478927	LATS1	YAP1	9606	0.999	0	0	0	0.043	0.974	0.9	0.974
9606.ENSP00000447297	9606.ENSP00000478927	TGFBR1	YAP1	9606	0.93	0	0	0	0	0.071	0.9	0.308
9606.ENSP00000452786	9606.ENSP00000494750	ITGB3	ACTB	9606	0.949	0	0	0	0.044	0.07	0.9	0.5
9606.ENSP00000472109	9606.ENSP00000478927	TEAD2	YAP1	9606	0.999	0	0	0	0.181	0.914	0.9	0.964
9606.ENSP00000494750	9606.ENSP00000498671	ACTB	MRTFA	9606	0.86	0	0	0	0.055	0.481	0.5	0.497
9606.ENSP00000494750	9606.ENSP00000497733	ACTB	CDC42	9606	0.975	0	0	0	0.415	0.07	0.9	0.596
